Brand,Model,Vehicle Class,EngineSize,Cylinders,Transmission,FuelType,FuelConsumptionCity,Fuel Consumption Hwy (L/100 km),Fuel Consumption Comb (L/100 km),FuelConsumptionComb,Emission
1,ILX,COMPACT,2,4,AS5,Z,9.9,6.7,8.5,33,196
1,ILX,COMPACT,2.4,4,M6,Z,11.2,7.7,9.6,29,221
1,ILX HYBRID,COMPACT,1.5,4,AV7,Z,6,5.8,5.9,48,136
1,MDX 4WD,SUV - SMALL,3.5,6,AS6,Z,12.7,9.1,11.1,25,255
1,RDX AWD,SUV - SMALL,3.5,6,AS6,Z,12.1,8.7,10.6,27,244
1,RLX,MID-SIZE,3.5,6,AS6,Z,11.9,7.7,10,28,230
1,TL,MID-SIZE,3.5,6,AS6,Z,11.8,8.1,10.1,28,232
1,TL AWD,MID-SIZE,3.7,6,AS6,Z,12.8,9,11.1,25,255
1,TL AWD,MID-SIZE,3.7,6,M6,Z,13.4,9.5,11.6,24,267
1,TSX,COMPACT,2.4,4,AS5,Z,10.6,7.5,9.2,31,212
1,TSX,COMPACT,2.4,4,M6,Z,11.2,8.1,9.8,29,225
1,TSX,COMPACT,3.5,6,AS5,Z,12.1,8.3,10.4,27,239
2,4C,TWO-SEATER,1.8,4,AM6,Z,9.7,6.9,8.4,34,193
3,DB9,30COMPACT,5.9,12,A6,Z,18,12.6,15.6,18,359
3,RAPIDE,SUBCOMPACT,5.9,12,A6,Z,18,12.6,15.6,18,359
3,V8 VANTAGE,TWO-SEATER,4.7,8,AM7,Z,17.4,11.3,14.7,19,338
3,V8 VANTAGE,TWO-SEATER,4.7,8,M6,Z,18.1,12.2,15.4,18,354
3,V8 VANTAGE S,TWO-SEATER,4.7,8,AM7,Z,17.4,11.3,14.7,19,338
3,V8 VANTAGE S,TWO-SEATER,4.7,8,M6,Z,18.1,12.2,15.4,18,354
3,VANQUISH,30COMPACT,5.9,12,A6,Z,18,12.6,15.6,18,359
4,A4,COMPACT,2,4,AV8,Z,9.9,7.4,8.8,32,202
4,A4 QUATTRO,COMPACT,2,4,AS8,Z,11.5,8.1,10,28,230
4,A4 QUATTRO,COMPACT,2,4,M6,Z,10.8,7.5,9.3,30,214
4,A5 CABRIOLET QUATTRO,SUBCOMPACT,2,4,AS8,Z,11.5,8.1,10,28,230
4,A5 QUATTRO,SUBCOMPACT,2,4,AS8,Z,11.5,8.1,10,28,230
4,A5 QUATTRO,SUBCOMPACT,2,4,M6,Z,10.8,7.5,9.3,30,214
4,A6 QUATTRO,MID-SIZE,2,4,AS8,Z,12,8.1,10.2,28,235
4,A6 QUATTRO,MID-SIZE,3,6,AS8,Z,12.8,8.6,10.9,26,251
4,A6 QUATTRO TDI (modified),MID-SIZE,3,6,AS8,D,9.8,6.2,8.1,35,217
4,A7 QUATTRO,MID-SIZE,3,6,AS8,Z,13.3,8.5,11.2,25,262
4,A7 QUATTRO TDI (modified),MID-SIZE,3,6,AS8,D,9.8,6.2,8.1,35,217
4,A8,MID-SIZE,3,6,AS8,Z,13.1,8.8,11.2,25,258
4,A8,MID-SIZE,4,8,AS8,Z,13.7,8.3,11.3,25,265
4,A8 TDI (modified),MID-SIZE,3,6,AS8,D,9.8,6.5,8.4,34,224
4,A8L,FULL-SIZE,3,6,AS8,Z,13.1,8.8,11.2,25,258
4,A8L,FULL-SIZE,4,8,AS8,Z,14.7,9.7,12.5,23,288
4,A8L,FULL-SIZE,6.3,12,AS8,Z,18.7,11.5,15.5,18,363
4,A8L TDI (modified),FULL-SIZE,3,6,AS8,D,9.8,6.5,8.4,34,224
4,ALLROAD QUATTRO,STATION WAGON - SMALL,2,4,AS8,Z,11.8,8.8,10.5,27,242
4,Q5,SUV - SMALL,2,4,AS8,Z,12,8.5,10.4,27,239
4,Q5,SUV - SMALL,3,6,AS8,Z,12.9,9.2,11.2,25,258
4,Q5 TDI (modified),SUV - SMALL,3,6,AS8,D,10.2,7.8,9,31,244
4,Q5 HYBRID,SUV - SMALL,2,4,AS8,Z,9.9,8.3,9.2,31,212
4,Q7,SUV - STANDARD,3,6,AS8,Z,15.1,10.9,13.2,21,304
4,Q7 TDI (modified),SUV - STANDARD,3,6,AS8,D,12.4,8.7,10.7,26,290
4,R8,TWO-SEATER,4.2,8,A7,Z,17.6,11,14.6,19,336
4,R8,TWO-SEATER,4.2,8,M6,Z,21.2,13.4,17.7,16,407
4,R8,TWO-SEATER,5.2,10,A7,Z,18.2,10.6,14.8,19,347
4,R8,TWO-SEATER,5.2,10,M6,Z,21.1,13.8,17.8,16,409
4,R8 SPYDER,TWO-SEATER,4.2,8,A7,Z,17.6,11,14.6,19,336
4,R8 SPYDER,TWO-SEATER,4.2,8,M6,Z,21.2,13.4,17.7,16,407
4,R8 SPYDER,TWO-SEATER,5.2,10,A7,Z,18.2,10.6,14.8,19,347
4,R8 SPYDER,TWO-SEATER,5.2,10,M6,Z,21.1,13.8,17.8,16,409
4,RS 5,SUBCOMPACT,4.2,8,A7,Z,15.3,10.9,13.3,21,306
4,RS 5 CABRIOLET,SUBCOMPACT,4.2,8,A7,Z,15.2,11.3,13.4,21,308
4,RS 7,MID-SIZE,4,8,AS8,Z,15.5,8.8,12.5,23,293
4,S4,COMPACT,3,6,A7,Z,13.2,9.2,11.4,25,262
4,S4,COMPACT,3,6,M6,Z,14.6,9.8,12.4,23,285
4,S5,SUBCOMPACT,3,6,A7,Z,13.2,9.2,11.4,25,262
4,S5,SUBCOMPACT,3,6,M6,Z,14.6,9.8,12.4,23,285
4,S5 CABRIOLET,SUBCOMPACT,3,6,A7,Z,13.3,9.5,11.6,24,267
4,S6,MID-SIZE,4,8,A7,Z,14.2,9.7,12.2,23,281
4,S7,MID-SIZE,4,8,A7,Z,14.2,9.7,12.2,23,281
4,S8,MID-SIZE,4,8,AS8,Z,15.8,9.2,12.8,22,300
4,SQ5,SUV - SMALL,3,6,AS8,Z,14.9,10.1,12.7,22,292
4,TT COUPE QUATTRO,SUBCOMPACT,2,4,A6,Z,10.4,7.6,9.1,31,209
4,TT ROADSTER QUATTRO,TWO-SEATER,2,4,A6,Z,10.4,7.6,9.1,31,209
4,TTS COUPE QUATTRO,SUBCOMPACT,2,4,A6,Z,11.5,8.8,10.3,27,237
4,TTS ROADSTER QUATTRO,TWO-SEATER,2,4,A6,Z,11.5,8.8,10.3,27,237
5,CONTINENTAL GT,SUBCOMPACT,4,8,AS8,Z,16.3,9.8,13.4,21,314
5,CONTINENTAL GT,SUBCOMPACT,6,12,AS8,Z,18.8,11.5,15.5,18,356
5,CONTINENTAL GTC,SUBCOMPACT,4,8,AS8,Z,17.4,10.2,14.2,20,332
5,CONTINENTAL GTC,SUBCOMPACT,6,12,AS8,Z,20,12.2,16.5,17,380
5,CONTINENTAL GT SPEED CONVERTIBLE,SUBCOMPACT,6,12,AS8,Z,20,12.2,16.5,17,380
5,FLYING SPUR,MID-SIZE,6,12,AS8,Z,20.3,11.9,16.5,17,388
5,MULSANNE,MID-SIZE,6.8,8,AS8,Z,22.3,14.9,19,15,437
6,320i,COMPACT,2,4,A8,Z,10,6.5,8.4,34,193
6,320i,COMPACT,2,4,M6,Z,10.4,6.7,8.7,32,200
6,320i xDRIVE,COMPACT,2,4,A8,Z,10.2,7,8.8,32,202
6,328d xDRIVE,COMPACT,2,4,A8,D,7.6,5.5,6.7,42,181
6,328d xDRIVE TOURING,STATION WAGON - SMALL,2,4,A8,D,7.6,5.5,6.7,42,181
6,328i,COMPACT,2,4,A8,Z,10,6.5,8.4,34,193
6,328i,COMPACT,2,4,M6,Z,10.4,6.7,8.7,32,200
6,328i xDRIVE,COMPACT,2,4,A8,Z,10.6,7.2,9.1,31,209
6,328i xDRIVE GRAN TURISMO,FULL-SIZE,2,4,A8,Z,10.6,7.2,9.1,31,209
6,328i xDRIVE TOURING,STATION WAGON - SMALL,2,4,A8,Z,10.6,7.2,9.1,31,209
6,335i,COMPACT,3,6,A8,Z,11.4,7.3,9.6,29,221
6,335i,COMPACT,3,6,M6,Z,11.8,7.9,10,28,230
6,335i xDRIVE,COMPACT,3,6,A8,Z,11.7,7.8,9.9,29,228
6,335i xDRIVE,COMPACT,3,6,M6,Z,11.9,8.3,10.3,27,237
6,335i xDRIVE GRAN TURISMO,FULL-SIZE,3,6,A8,Z,11.9,8,10.1,28,232
6,428i COUPE,COMPACT,2,4,A8,Z,10,6.5,8.4,34,193
6,428i COUPE,COMPACT,2,4,M6,Z,10.4,6.7,8.7,32,200
6,428i xDRIVE COUPE,COMPACT,2,4,A8,Z,10.6,7.2,9.1,31,209
6,435i COUPE,COMPACT,3,6,A8,Z,11.4,7.3,9.6,29,221
6,435i COUPE,COMPACT,3,6,M6,Z,11.8,7.9,10,28,230
6,435i xDRIVE COUPE,COMPACT,3,6,A8,Z,11.7,7.8,9.9,29,228
6,435i xDRIVE COUPE,COMPACT,3,6,M6,Z,11.9,8.3,10.3,27,237
6,528i,MID-SIZE,2,4,A8,Z,10.2,7,8.8,32,202
6,528i xDRIVE,MID-SIZE,2,4,A8,Z,10.6,7.2,9.1,31,209
6,535d xDRIVE,MID-SIZE,3,6,A8,D,9.2,6.4,7.9,36,213
6,535i xDRIVE,MID-SIZE,3,6,A8,Z,11.9,8,10.1,28,232
6,535i xDRIVE GRAN TURISMO,FULL-SIZE,3,6,A8,Z,12.5,8.6,10.7,26,246
6,550i xDRIVE,MID-SIZE,4.4,8,A8,Z,14.4,9.6,12.2,23,281
6,550i xDRIVE GRAN TURISMO,FULL-SIZE,4.4,8,A8,Z,15,9.8,12.7,22,292
6,640i xDRIVE GRAN COUPE,COMPACT,3,6,A8,Z,11.9,8,10.1,28,232
6,650i xDRIVE CABRIOLET,SUBCOMPACT,4.4,8,A8,Z,15,9.8,12.7,22,292
6,650i xDRIVE COUPE,COMPACT,4.4,8,A8,Z,14.4,9.6,12.2,23,281
6,650i xDRIVE GRAN COUPE,COMPACT,4.4,8,A8,Z,15,9.8,12.7,22,292
6,740Li xDRIVE,FULL-SIZE,3,6,A8,Z,12.5,8.6,10.7,26,246
6,750i xDRIVE,FULL-SIZE,4.4,8,A8,Z,15,9.8,12.7,22,292
6,750Li xDRIVE,FULL-SIZE,4.4,8,A8,Z,15,9.8,12.7,22,292
6,760Li,FULL-SIZE,6,12,A8,Z,18.7,11.5,15.5,18,356
6,ACTIVEHYBRID 3,COMPACT,3,6,A8,Z,9.2,7.1,8.3,34,191
6,ACTIVEHYBRID 5,MID-SIZE,3,6,A8,Z,10.5,7.9,9.3,30,214
6,ACTIVEHYBRID 7L,FULL-SIZE,3,6,A8,Z,10.5,7.6,9.2,31,212
6,ALPINA B7 xDRIVE LWB,FULL-SIZE,4.4,8,A8,Z,15,9.8,12.7,22,292
6,ALPINA B7 xDRIVE SWB,FULL-SIZE,4.4,8,A8,Z,15,9.8,12.7,22,292
6,M5,MID-SIZE,4.4,8,AM7,Z,17.3,11.5,14.7,19,338
6,M5,MID-SIZE,4.4,8,M6,Z,16.2,10.9,13.8,20,317
6,M6,COMPACT,4.4,8,AM7,Z,17.3,11.5,14.7,19,338
6,M6,COMPACT,4.4,8,M6,Z,16.2,10.9,13.8,20,317
6,M6 CABRIOLET,SUBCOMPACT,4.4,8,AM7,Z,17.3,11.5,14.7,19,338
6,M6 CABRIOLET,SUBCOMPACT,4.4,8,M6,Z,16.2,10.9,13.8,20,317
6,M6 GRAN COUPE,COMPACT,4.4,8,AM7,Z,17.3,11.5,14.7,19,338
6,M6 GRAN COUPE,COMPACT,4.4,8,M6,Z,16.2,10.9,13.8,20,317
6,X1 xDRIVE28i,SUV - SMALL,2,4,A8,Z,10.6,7.2,9.1,31,209
6,X1 xDRIVE35i,SUV - SMALL,3,6,A6,Z,13.2,8.9,11.3,25,260
6,X3 xDRIVE28i,SUV - SMALL,2,4,A8,Z,11.2,8.5,10,28,230
6,X3 xDRIVE35i,SUV - SMALL,3,6,A8,Z,12.6,9.1,11,26,253
6,X5 xDRIVE35i,SUV - STANDARD,3,6,A8,Z,12.9,8.8,11.1,25,255
6,X5 xDRIVE50i,SUV - STANDARD,4.4,8,A8,Z,16.3,10.9,13.9,20,320
6,X6 M,SUV - STANDARD,4.4,8,A6,Z,18.1,13.7,16.1,18,370
6,X6 xDRIVE35i,SUV - STANDARD,3,6,A8,Z,13.6,9.8,11.9,24,274
6,X6 xDRIVE50i,SUV - STANDARD,4.4,8,A8,Z,16.4,11.3,14.1,20,324
6,Z4 sDRIVE28i,TWO-SEATER,2,4,A8,Z,10.8,7.1,9.1,31,209
6,Z4 sDRIVE28i,TWO-SEATER,2,4,M6,Z,10.4,6.7,8.7,32,200
6,Z4 sDRIVE35i,TWO-SEATER,3,6,AM7,Z,13.7,10.1,12.1,23,278
6,Z4 sDRIVE35i,TWO-SEATER,3,6,M6,Z,12.7,9,11,26,253
6,Z4 sDRIVE35is,TWO-SEATER,3,6,AM7,Z,13.7,10.1,12.1,23,278
7,CHIRON,TWO-SEATER,8,16,AM7,Z,26.8,16.6,22.2,13,522
8,ENCLAVE,SUV - STANDARD,3.6,6,A6,X,14.3,9.9,12.3,23,283
8,ENCLAVE AWD,SUV - STANDARD,3.6,6,A6,X,14.6,10.2,12.6,22,290
8,ENCORE,SUV - SMALL,1.4,4,AS6,X,9.5,7.2,8.5,33,196
8,ENCORE AWD,SUV - SMALL,1.4,4,AS6,X,10.2,8,9.2,31,212
8,LACROSSE,MID-SIZE,3.6,6,AS6,X,13.7,8.7,11.5,25,264
8,LACROSSE,MID-SIZE,3.6,6,AS6,E,18.4,12.2,15.6,18,250
8,LACROSSE AWD,MID-SIZE,3.6,6,AS6,X,13.7,8.9,11.5,25,264
8,LACROSSE AWD,MID-SIZE,3.6,6,AS6,E,19.4,13,16.5,17,264
8,LACROSSE eASSIST,MID-SIZE,2.4,4,AS6,X,9.6,6.5,8.2,34,189
8,REGAL,MID-SIZE,2,4,AS6,Z,11.5,7.9,9.9,29,228
8,REGAL,MID-SIZE,2,4,M6,Z,11.6,7.5,9.8,29,225
8,REGAL AWD,MID-SIZE,2,4,AS6,Z,12.3,8.7,10.7,26,246
8,REGAL eASSIST,MID-SIZE,2.4,4,AS6,X,9.6,6.5,8.2,34,189
8,VERANO,COMPACT,2,4,AS6,Z,11.5,7.9,9.9,29,228
8,VERANO,COMPACT,2,4,M6,Z,11.6,7.5,9.8,29,225
8,VERANO,COMPACT,2.4,4,AS6,X,11.3,7.4,9.5,30,218
9,ATS,COMPACT,2,4,AS6,Z,11.3,7.5,9.6,29,221
9,ATS,COMPACT,2,4,M6,Z,12.1,7.9,10.2,28,235
9,ATS,COMPACT,2.5,4,AS6,X,10.5,7.2,9,31,207
9,ATS,COMPACT,3.6,6,AS6,X,12.8,8.5,10.9,26,251
9,ATS AWD,COMPACT,2,4,AS6,Z,11.8,8.1,10.1,28,232
9,ATS AWD,COMPACT,3.6,6,AS6,X,13.1,9,11.3,25,260
9,CTS COUPE,MID-SIZE,3.6,6,AS6,X,13.2,8.7,11.2,25,258
9,CTS COUPE AWD,MID-SIZE,3.6,6,AS6,X,13.3,9,11.4,25,262
9,CTS SEDAN,MID-SIZE,2,4,AS6,Z,11.9,7.9,10.1,28,232
9,CTS SEDAN,MID-SIZE,3.6,6,AS8,X,12.9,8.2,10.8,26,248
9,CTS SEDAN AWD,MID-SIZE,2,4,AS6,Z,12.6,8.5,10.8,26,248
9,CTS SEDAN AWD,MID-SIZE,3.6,6,AS6,X,13.1,9,11.3,25,260
9,CTS SEDAN Vsport,MID-SIZE,3.6,6,AS8,Z,15.1,9.9,12.8,22,294
9,CTS SPORT WAGON,STATION WAGON - SMALL,3,6,AS6,X,12.7,8.9,11,26,253
9,CTS SPORT WAGON,STATION WAGON - SMALL,3.6,6,AS6,X,13.3,8.9,11.3,25,260
9,CTS SPORT WAGON AWD,STATION WAGON - SMALL,3,6,AS6,X,12.8,9.1,11.1,25,255
9,CTS SPORT WAGON AWD,STATION WAGON - SMALL,3.6,6,AS6,X,13.3,9,11.4,25,262
9,CTS-V COUPE,MID-SIZE,6.2,8,AS6,Z,19.7,12.9,16.6,17,382
9,CTS-V COUPE,MID-SIZE,6.2,8,M6,Z,16.7,12.5,14.8,19,340
9,CTS-V SEDAN,MID-SIZE,6.2,8,AS6,Z,19.7,12.9,16.6,17,382
9,CTS-V SEDAN,MID-SIZE,6.2,8,M6,Z,16.7,12.5,14.8,19,340
9,CTS-V SPORT WAGON,STATION WAGON - SMALL,6.2,8,AS6,Z,19.7,12.9,16.6,17,382
9,CTS-V SPORT WAGON,STATION WAGON - SMALL,6.2,8,M6,Z,16.7,12.5,14.8,19,340
9,ESCALADE AWD,SUV - STANDARD,6.2,8,A6,Z,17,11.8,14.7,19,338
9,ESCALADE AWD,SUV - STANDARD,6.2,8,A6,E,23.3,16.1,20.1,14,322
9,ESCALADE ESV AWD,SUV - STANDARD,6.2,8,A6,Z,18.8,13.4,16.4,17,377
9,ESCALADE ESV AWD,SUV - STANDARD,6.2,8,A6,E,25.7,17.8,22.1,13,354
9,SRX,SUV - STANDARD,3.6,6,AS6,X,14.3,9.8,12.3,23,283
9,SRX AWD,SUV - STANDARD,3.6,6,AS6,X,14.8,10.4,12.8,22,294
9,XTS,FULL-SIZE,3.6,6,AS6,X,13.6,8.6,11.4,25,262
9,XTS AWD,FULL-SIZE,3.6,6,AS6,X,14,9.1,11.8,24,271
9,XTS Vsport AWD,FULL-SIZE,3.6,6,AS6,Z,14.8,9.8,12.6,22,290
10,CAMARO,COMPACT,3.6,6,AS6,X,13.2,8.7,11.2,25,258
10,CAMARO,COMPACT,3.6,6,M6,X,14.2,8.6,11.7,24,269
10,CAMARO 2LS,COMPACT,3.6,6,AS6,X,12.7,7.9,10.5,27,242
10,CAMARO SS,COMPACT,6.2,8,AS6,Z,15.3,9.8,12.8,22,294
10,CAMARO SS,COMPACT,6.2,8,M6,Z,15,9.9,12.7,22,292
10,CAMARO ZL1,COMPACT,6.2,8,AS6,Z,19.7,12.9,16.6,17,382
10,CAMARO ZL1,COMPACT,6.2,8,M6,Z,16.7,12.5,14.8,19,340
10,CORVETTE,TWO-SEATER,6.2,8,AS6,Z,14.9,8.5,12,24,276
10,CORVETTE,TWO-SEATER,6.2,8,M7,Z,13.7,8.2,11.2,25,258
10,CRUZE,MID-SIZE,1.4,4,AS6,X,9.1,6.3,7.8,36,179
10,CRUZE,MID-SIZE,1.4,4,M6,X,9.1,6.3,7.8,36,179
10,CRUZE,MID-SIZE,1.8,4,AS6,X,10.5,6.7,8.8,32,202
10,CRUZE,MID-SIZE,1.8,4,M6,X,9.5,6.5,8.2,34,189
10,CRUZE DIESEL,MID-SIZE,2,4,AS6,D,8.7,5.1,7.1,40,192
10,CRUZE ECO,MID-SIZE,1.4,4,A6,X,9.1,6,7.7,37,177
10,CRUZE ECO,MID-SIZE,1.4,4,M6,X,8.4,5.6,7.1,40,163
10,EQUINOX,SUV - SMALL,2.4,4,A6,X,10.5,7.3,9.1,31,209
10,EQUINOX,SUV - SMALL,3.6,6,A6,X,13.9,9.6,12,24,276
10,EQUINOX,SUV - SMALL,3.6,6,A6,E,18.8,13.1,16.2,17,259
10,EQUINOX AWD,SUV - SMALL,2.4,4,A6,X,11.5,8.2,10,28,230
10,EQUINOX AWD,SUV - SMALL,3.6,6,A6,X,14.8,9.9,12.6,22,290
10,EQUINOX AWD,SUV - SMALL,3.6,6,A6,E,19.8,13.6,17,17,272
10,EXPRESS 1500 CARGO,VAN - CARGO,4.3,6,A4,X,17.1,12.7,15.1,19,347
10,EXPRESS 1500 CARGO,VAN - CARGO,5.3,8,A4,X,18,13.4,15.9,18,366
10,EXPRESS 1500 CARGO,VAN - CARGO,5.3,8,A4,E,23.5,17.7,20.9,14,334
10,EXPRESS 1500 CARGO AWD,VAN - CARGO,5.3,8,A4,X,18.3,14.2,16.5,17,380
10,EXPRESS 1500 CARGO AWD,VAN - CARGO,5.3,8,A4,E,23.7,18.8,21.5,13,344
10,EXPRESS 1500 CARGO CONV,VAN - CARGO,5.3,8,A4,X,18.6,13.9,16.5,17,380
10,EXPRESS 1500 CARGO CONV,VAN - CARGO,5.3,8,A4,E,23.9,18.5,21.5,13,344
10,EXPRESS 1500 CARGO CONV AWD,VAN - CARGO,5.3,8,A4,X,18.3,14.2,16.5,17,380
10,EXPRESS 1500 CARGO CONV AWD,VAN - CARGO,5.3,8,A4,E,25.3,19.3,22.6,12,362
10,EXPRESS 1500 PASSENGER,VAN - PASSENGER,5.3,8,A4,X,18.6,13.9,16.5,17,380
10,EXPRESS 1500 PASSENGER,VAN - PASSENGER,5.3,8,A4,E,23.9,18.5,21.5,13,344
10,EXPRESS 1500 PASSENGER AWD,VAN - PASSENGER,5.3,8,A4,X,18.3,14.2,16.5,17,380
10,EXPRESS 1500 PASSENGER AWD,VAN - PASSENGER,5.3,8,A4,E,25.3,19.3,22.6,12,362
10,EXPRESS 2500 PASSENGER,VAN - PASSENGER,4.8,8,A6,X,21.1,14.2,18,16,414
10,EXPRESS 2500 PASSENGER,VAN - PASSENGER,6,8,A6,X,21.9,15,18.8,15,432
10,EXPRESS 2500 PASSENGER,VAN - PASSENGER,6,8,A6,E,30,20.4,25.7,11,411
10,EXPRESS 3500 PASSENGER,VAN - PASSENGER,4.8,8,A6,X,21.3,14.3,18.2,16,419
10,EXPRESS 3500 PASSENGER,VAN - PASSENGER,6,8,A6,X,22.1,15,18.9,15,435
10,EXPRESS 3500 PASSENGER,VAN - PASSENGER,6,8,A6,E,30.2,20.5,25.8,11,413
10,IMPALA,FULL-SIZE,2.5,4,AS6,X,11.3,7.5,9.6,29,221
10,IMPALA,FULL-SIZE,3.6,6,AS6,X,12.6,8.2,10.6,27,244
10,IMPALA,FULL-SIZE,3.6,6,AS6,E,16.7,11.3,14.3,20,229
10,IMPALA ECO,FULL-SIZE,2.4,4,AS6,X,10,7,8.7,32,200
10,MALIBU,MID-SIZE,2,4,AS6,Z,11.5,7.9,9.9,29,228
10,MALIBU,MID-SIZE,2.5,4,AS6,X,9.3,6.4,8,35,184
10,ORLANDO,SUV - SMALL,2.4,4,AS6,X,12.2,8.6,10.6,27,244
10,ORLANDO,SUV - SMALL,2.4,4,M6,X,11.8,8.3,10.2,28,235
10,SILVERADO,PICKUP TRUCK - STANDARD,4.3,6,A6,X,13.4,9.9,11.8,24,271
10,SILVERADO,PICKUP TRUCK - STANDARD,4.3,6,A6,E,18.9,14.2,16.8,17,269
10,SILVERADO,PICKUP TRUCK - STANDARD,5.3,8,A6,X,14.6,10.3,12.7,22,292
10,SILVERADO,PICKUP TRUCK - STANDARD,5.3,8,A6,E,19.5,13.7,16.9,17,270
10,SILVERADO,PICKUP TRUCK - STANDARD,6.2,8,A6,Z,16.3,11.4,14.1,20,324
10,SILVERADO 4WD,PICKUP TRUCK - STANDARD,4.3,6,A6,X,14.2,10.6,12.6,22,290
10,SILVERADO 4WD,PICKUP TRUCK - STANDARD,4.3,6,A6,E,20,15.1,17.8,16,285
10,SILVERADO 4WD,PICKUP TRUCK - STANDARD,5.3,8,A6,X,14.9,10.6,13,22,299
10,SILVERADO 4WD,PICKUP TRUCK - STANDARD,5.3,8,A6,E,19.9,14.2,17.3,16,277
10,SILVERADO 4WD,PICKUP TRUCK - STANDARD,6.2,8,A6,Z,16.4,11.7,14.3,20,329
10,SONIC,COMPACT,1.4,4,AS6,X,9.1,6.7,8,35,184
10,SONIC,COMPACT,1.4,4,M6,X,8.5,6.2,7.5,38,173
10,SONIC,COMPACT,1.8,4,AS6,X,9.6,6.6,8.3,34,191
10,SONIC,COMPACT,1.8,4,M5,X,8.9,6.7,7.9,36,182
10,SONIC RS,COMPACT,1.4,4,AS6,X,9.4,7,8.3,34,191
10,SONIC RS,COMPACT,1.4,4,M6,X,8.8,7,8,35,184
10,SONIC 5,MID-SIZE,1.4,4,AS6,X,9.1,6.7,8,35,184
10,SONIC 5,MID-SIZE,1.4,4,M6,X,8.5,6.2,7.5,38,172
10,SONIC 5,MID-SIZE,1.8,4,AS6,X,9.6,6.6,8.3,34,191
10,SONIC 5,MID-SIZE,1.8,4,M5,X,8.9,6.7,7.9,36,182
10,SONIC 5 RS,MID-SIZE,1.4,4,AS6,X,9.4,7,8.3,34,191
10,SONIC 5 RS,MID-SIZE,1.4,4,M6,X,8.8,7,8,35,184
10,SPARK,SUBCOMPACT,1.2,4,AV,X,7.7,6,6.9,41,159
10,SPARK,SUBCOMPACT,1.2,4,M5,X,7.6,6,6.9,41,159
10,SUBURBAN,SUV - STANDARD,5.3,8,A6,X,16,11.1,13.8,20,317
10,SUBURBAN,SUV - STANDARD,5.3,8,A6,E,21.5,14.6,18.4,15,294
10,SUBURBAN 4WD,SUV - STANDARD,5.3,8,A6,X,16,11.1,13.8,20,317
10,SUBURBAN 4WD,SUV - STANDARD,5.3,8,A6,E,21.5,14.6,18.4,15,294
10,TAHOE,SUV - STANDARD,5.3,8,A6,X,16,11.1,13.8,20,317
10,TAHOE,SUV - STANDARD,5.3,8,A6,E,21.5,14.6,18.4,15,294
10,TAHOE 4WD,SUV - STANDARD,5.3,8,A6,X,16,11.1,13.8,20,317
10,TAHOE 4WD,SUV - STANDARD,5.3,8,A6,E,21.5,14.6,18.4,15,294
10,TRAVERSE,SUV - STANDARD,3.6,6,A6,X,14.3,9.9,12.3,23,283
10,TRAVERSE AWD,SUV - STANDARD,3.6,6,A6,X,14.6,10.2,12.6,22,290
10,TRAX,SUV - SMALL,1.4,4,AS6,X,9.4,7.1,8.4,34,193
10,TRAX,SUV - SMALL,1.4,4,M6,X,9.1,6.8,8.1,35,186
10,TRAX AWD,SUV - SMALL,1.4,4,AS6,X,10,7.8,9,31,207
11,300,FULL-SIZE,3.6,6,A8,X,12.4,7.7,10.3,27,237
11,200 CONVERTIBLE,COMPACT,2.4,4,A4,X,11.7,8.2,10.1,28,232
11,200 CONVERTIBLE,COMPACT,2.4,4,A6,X,12.9,8.1,10.7,26,246
11,200 CONVERTIBLE FFV,COMPACT,3.6,6,A6,X,12.5,8.1,10.5,27,242
11,200 CONVERTIBLE FFV,COMPACT,3.6,6,A6,E,17,11.2,14.4,20,230
11,200 SEDAN,MID-SIZE,2.4,4,A4,X,11.2,8,9.8,29,225
11,200 SEDAN,MID-SIZE,2.4,4,A6,X,12,7.6,10,28,230
11,200 SEDAN FFV,MID-SIZE,3.6,6,A6,X,12.5,8.1,10.5,27,242
11,200 SEDAN FFV,MID-SIZE,3.6,6,A6,E,17,11.2,14.4,20,230
11,300 (MDS),FULL-SIZE,5.7,8,A5,X,15.8,9.2,12.8,22,294
11,300 AWD,FULL-SIZE,3.6,6,A8,X,12.8,8.6,10.9,26,251
11,300 AWD (MDS),FULL-SIZE,5.7,8,A5,X,16.1,10,13.4,21,308
11,300 AWD FFV,FULL-SIZE,3.6,6,A8,X,12.8,8.6,10.9,26,251
11,300 AWD FFV,FULL-SIZE,3.6,6,A8,E,17.3,11.7,14.8,19,237
11,300 FFV,FULL-SIZE,3.6,6,A8,X,12.4,7.7,10.3,27,237
11,300 FFV,FULL-SIZE,3.6,6,A8,E,16.8,10.3,13.9,20,222
11,300 38 (MDS),FULL-SIZE,6.4,8,A5,Z,16.7,10.3,13.8,20,317
11,TOWN & COUNTRY FFV,30VAN,3.6,6,A6,X,14.1,9.5,12,24,276
11,TOWN & COUNTRY FFV,30VAN,3.6,6,A6,E,19.7,13.3,16.8,17,269
12,AVENGER,MID-SIZE,2.4,4,A4,X,11.2,8,9.8,29,225
12,AVENGER,MID-SIZE,2.4,4,A6,X,12,7.6,10,28,230
12,AVENGER FFV,MID-SIZE,3.6,6,A6,X,12.5,8.1,10.5,27,242
12,AVENGER FFV,MID-SIZE,3.6,6,A6,E,17,11.2,14.4,20,230
12,CHALLENGER,MID-SIZE,3.6,6,A5,X,13.2,8.7,11.2,25,258
12,CHALLENGER,MID-SIZE,5.7,8,M6,X,15.6,10,13.1,22,301
12,CHALLENGER (MDS),MID-SIZE,5.7,8,A5,X,15.8,9.2,12.8,22,294
12,CHALLENGER 38,MID-SIZE,6.4,8,M6,Z,16.8,10.4,13.9,20,320
12,CHALLENGER 38 (MDS),MID-SIZE,6.4,8,A5,Z,16.7,10.3,13.8,20,317
12,CHARGER,FULL-SIZE,3.6,6,A5,X,13.2,8.7,11.2,25,258
12,CHARGER,FULL-SIZE,3.6,6,A8,X,12.4,7.7,10.3,27,237
12,CHARGER (MDS),FULL-SIZE,5.7,8,A5,X,15.8,9.2,12.8,22,294
12,CHARGER AWD,FULL-SIZE,3.6,6,A8,X,12.8,8.6,10.9,26,251
12,CHARGER AWD (MDS),FULL-SIZE,5.7,8,A5,X,16.1,10,13.4,21,308
12,CHARGER AWD FFV,FULL-SIZE,3.6,6,A8,X,12.8,8.6,10.9,26,251
12,CHARGER AWD FFV,FULL-SIZE,3.6,6,A8,E,17.3,11.7,14.8,19,237
12,CHARGER FFV,FULL-SIZE,3.6,6,A5,X,13.2,8.7,11.2,25,258
12,CHARGER FFV,FULL-SIZE,3.6,6,A5,E,18.3,12.6,15.7,18,251
12,CHARGER FFV,FULL-SIZE,3.6,6,A8,X,12.3,7.6,10.2,28,235
12,CHARGER FFV,FULL-SIZE,3.6,6,A8,E,16.8,10.3,13.9,20,222
12,CHARGER 38 (MDS),FULL-SIZE,6.4,8,A5,Z,16.7,10.3,13.8,20,317
12,DART,MID-SIZE,2,4,M6,X,9.4,6.5,8.1,35,186
12,DART,MID-SIZE,2.4,4,A6,X,10.1,6.8,8.6,33,198
12,DART,MID-SIZE,2.4,4,M6,X,10.5,6.7,8.8,32,202
12,DART FFV,MID-SIZE,2,4,A6,X,9.9,7,8.6,33,198
12,DART FFV,MID-SIZE,2,4,A6,E,14.2,9.8,12.2,23,195
12,DART GT,MID-SIZE,2.4,4,A6,X,10.6,7.5,9.2,31,212
12,DART GT,MID-SIZE,2.4,4,M6,X,10.2,7,8.8,32,202
12,DART TURBO AERO,MID-SIZE,1.4,4,AM6,X,8.4,5.9,7.3,39,168
12,DART TURBO AERO,MID-SIZE,1.4,4,M6,X,8.5,5.8,7.3,39,168
12,DURANGO AWD (MDS),SUV - STANDARD,5.7,8,A8,X,17.3,10.8,14.4,20,331
12,DURANGO AWD FFV,SUV - STANDARD,3.6,6,A8,X,13.9,9.8,12.1,23,278
12,DURANGO AWD FFV,SUV - STANDARD,3.6,6,A8,E,17.7,13,15.6,18,250
12,GRAND CARAVAN FFV,30VAN,3.6,6,A6,X,13.7,9.4,11.8,24,271
12,GRAND CARAVAN FFV,30VAN,3.6,6,A6,E,19.2,13.1,16.5,17,264
12,JOURNEY,SUV - SMALL,2.4,4,A4,X,12.7,9.1,11.1,25,255
12,JOURNEY AWD,SUV - SMALL,3.6,6,A6,X,14.5,9.9,12.4,23,285
12,JOURNEY FFV,SUV - SMALL,3.6,6,A6,X,14.2,9.4,12,24,276
12,JOURNEY FFV,SUV - SMALL,3.6,6,A6,E,18.9,12.9,16.2,17,259
13,500 ABARTH CABRIO,30COMPACT,1.4,4,M5,X,8.5,6.9,7.8,36,179
13,500 ABARTH HATCHBACK,30COMPACT,1.4,4,M5,X,8.5,6.9,7.8,36,179
13,500 CABRIO,30COMPACT,1.4,4,A6,X,8.7,6.9,7.9,36,182
13,500 CABRIO,30COMPACT,1.4,4,M5,X,7.9,6.3,7.2,39,166
13,500 CABRIO TURBO,30COMPACT,1.4,4,M5,X,8.5,6.9,7.8,36,179
13,500 HATCHBACK,30COMPACT,1.4,4,A6,X,8.7,6.9,7.9,36,182
13,500 HATCHBACK,30COMPACT,1.4,4,M5,X,7.6,5.9,6.8,42,156
13,500 HATCHBACK TURBO,30COMPACT,1.4,4,M5,X,8.5,6.9,7.8,36,179
13,500L TURBO,STATION WAGON - SMALL,1.4,4,AM6,X,10,7.2,8.7,32,200
13,500L TURBO,STATION WAGON - SMALL,1.4,4,M6,X,9.3,7.2,8.4,34,193
14,C-MAX HYBRID,FULL-SIZE,2,4,AV,X,5.6,6.4,6,47,138
14,E150 VAN FFV,VAN - CARGO,4.6,8,A4,X,17.7,14.4,16.2,17,373
14,E150 VAN FFV,VAN - CARGO,4.6,8,A4,E,24.1,19.2,21.9,13,350
14,E150 VAN FFV,VAN - CARGO,5.4,8,A4,X,19.3,14.7,17.2,16,396
14,E150 VAN FFV,VAN - CARGO,5.4,8,A4,E,24.9,19.6,22.5,13,360
14,E150 WAGON FFV,VAN - PASSENGER,4.6,8,A4,X,18.6,14.6,16.8,17,386
14,E150 WAGON FFV,VAN - PASSENGER,4.6,8,A4,E,25.5,20,23,12,368
14,E350 WAGON,VAN - PASSENGER,6.8,10,A5,X,23.9,17.8,21.2,13,488
14,E350 WAGON FFV,VAN - PASSENGER,5.4,8,A4,X,20.6,15.5,18.3,15,421
14,E350 WAGON FFV,VAN - PASSENGER,5.4,8,A4,E,26.7,20.5,23.9,12,382
14,EDGE,SUV - SMALL,2,4,A6,X,11.3,7.9,9.8,29,225
14,EDGE,SUV - SMALL,3.5,6,AS6,X,12.6,8.7,10.8,26,248
14,EDGE AWD,SUV - SMALL,3.5,6,AS6,X,13.3,9.3,11.5,25,264
14,EDGE AWD,SUV - SMALL,3.7,6,AS6,X,13.7,10.4,12.2,23,281
14,ESCAPE,SUV - SMALL,1.6,4,AS6,X,10.4,7.4,9.1,31,209
14,ESCAPE,SUV - SMALL,2,4,AS6,X,10.9,8,9.6,29,221
14,ESCAPE,SUV - SMALL,2.5,4,AS6,X,10.9,7.5,9.4,30,216
14,ESCAPE AWD,SUV - SMALL,1.6,4,AS6,X,10.5,7.9,9.3,30,214
14,ESCAPE AWD,SUV - SMALL,2,4,AS6,X,11.2,8.5,10,28,230
14,EXPEDITION 4X4 FFV,SUV - STANDARD,5.4,8,A6,X,18.2,13.3,16,18,368
14,EXPEDITION 4X4 FFV,SUV - STANDARD,5.4,8,A6,E,24.5,18,21.6,13,346
14,EXPLORER,SUV - STANDARD,2,4,A6,X,11.8,8.3,10.2,28,235
14,EXPLORER AWD,SUV - STANDARD,3.5,6,AS6,X,14.8,10.7,13,22,299
14,EXPLORER FFV,SUV - STANDARD,3.5,6,AS6,X,13.7,9.7,11.9,24,274
14,EXPLORER FFV,SUV - STANDARD,3.5,6,AS6,E,18.3,12.9,15.9,18,254
14,EXPLORER FFV AWD,SUV - STANDARD,3.5,6,AS6,X,14.3,10.3,12.5,23,288
14,EXPLORER FFV AWD,SUV - STANDARD,3.5,6,AS6,E,18.9,13.9,16.7,17,267
14,F-150,PICKUP TRUCK - STANDARD,3.5,6,A6,X,14.5,10.6,12.7,22,292
14,F-150,PICKUP TRUCK - STANDARD,3.5,6,AS6,X,14.6,10.6,12.8,22,294
14,F-150,PICKUP TRUCK - STANDARD,6.2,8,AS6,X,18.3,12.9,15.9,18,366
14,F-150 4X4,PICKUP TRUCK - STANDARD,3.5,6,A6,X,15.9,11.3,13.8,20,317
14,F-150 4X4,PICKUP TRUCK - STANDARD,3.5,6,AS6,X,15.4,11,13.4,21,308
14,F-150 4X4,PICKUP TRUCK - STANDARD,6.2,8,AS6,X,20.1,14.4,17.5,16,402
14,F-150 FFV,PICKUP TRUCK - STANDARD,3.7,6,A6,X,14,10.3,12.3,23,283
14,F-150 FFV,PICKUP TRUCK - STANDARD,3.7,6,A6,E,18.8,13.7,16.5,17,264
14,F-150 FFV,PICKUP TRUCK - STANDARD,3.7,6,AS6,X,14,10.3,12.3,23,283
14,F-150 FFV,PICKUP TRUCK - STANDARD,3.7,6,AS6,E,18.8,13.7,16.5,17,264
14,F-150 FFV,PICKUP TRUCK - STANDARD,5,8,A6,X,16.4,12.3,14.6,19,336
14,F-150 FFV,PICKUP TRUCK - STANDARD,5,8,A6,E,22.1,16.7,19.7,14,315
14,F-150 FFV,PICKUP TRUCK - STANDARD,5,8,AS6,X,16.4,12.3,14.6,19,336
14,F-150 FFV,PICKUP TRUCK - STANDARD,5,8,AS6,E,22.1,16.7,19.7,14,315
14,F-150 FFV 4X4,PICKUP TRUCK - STANDARD,3.7,6,A6,X,15,11.4,13.4,21,308
14,F-150 FFV 4X4,PICKUP TRUCK - STANDARD,3.7,6,A6,E,20.2,15.3,18,16,288
14,F-150 FFV 4X4,PICKUP TRUCK - STANDARD,3.7,6,AS6,X,15,11.4,13.4,21,308
14,F-150 FFV 4X4,PICKUP TRUCK - STANDARD,3.7,6,AS6,E,20.2,15.3,18,16,288
14,F-150 FFV 4X4,PICKUP TRUCK - STANDARD,5,8,A6,X,16.8,12.6,14.9,19,343
14,F-150 FFV 4X4,PICKUP TRUCK - STANDARD,5,8,A6,E,22.4,17,20,14,320
14,F-150 FFV 4X4,PICKUP TRUCK - STANDARD,5,8,AS6,X,16.7,12.5,14.8,19,340
14,F-150 FFV 4X4,PICKUP TRUCK - STANDARD,5,8,AS6,E,22.4,16.9,19.9,14,318
14,F-150 RAPTOR 4X4,PICKUP TRUCK - STANDARD,6.2,8,AS6,X,20.4,15,18,16,414
14,FIESTA,SUBCOMPACT,1.6,4,AS6,X,8.5,6.5,7.6,37,175
14,FIESTA,SUBCOMPACT,1.6,4,M5,X,8.6,6.4,7.6,37,175
14,FIESTA SFE,SUBCOMPACT,1,4,M5,X,7.5,5.5,6.6,43,152
14,FIESTA SFE,SUBCOMPACT,1.6,4,AS6,X,8,5.8,7,40,161
14,FIESTA ST,COMPACT,1.6,4,M6,X,8.9,6.8,8,35,184
14,FLEX,SUV - STANDARD,3.5,6,AS6,X,13.2,9.4,11.5,25,264
14,FLEX AWD,SUV - STANDARD,3.5,6,AS6,X,13.7,10.2,12.1,23,278
14,FLEX AWD (EcoBoost),SUV - STANDARD,3.5,6,AS6,X,14.8,10.4,12.8,22,294
14,FOCUS,COMPACT,2,4,M6,X,10.2,7.4,8.9,32,205
14,FOCUS FFV,COMPACT,2,4,A6,X,8.8,6.4,7.7,37,177
14,FOCUS FFV,COMPACT,2,4,A6,E,11.7,8.5,10.3,27,165
14,FOCUS FFV,COMPACT,2,4,AS6,X,8.9,6.4,7.8,36,179
14,FOCUS FFV,COMPACT,2,4,AS6,E,11.7,8.5,10.3,27,165
14,FOCUS FFV,COMPACT,2,4,M5,X,9.1,6.6,8,35,184
14,FOCUS FFV,COMPACT,2,4,M5,E,11.9,8.9,10.6,27,170
14,FOCUS SFE FFV,COMPACT,2,4,A6,X,8.4,5.8,7.2,39,166
14,FOCUS SFE FFV,COMPACT,2,4,A6,E,11.6,8.3,10.1,28,162
14,FUSION,MID-SIZE,1.5,4,AS6,X,10.1,6.6,8.5,33,196
14,FUSION,MID-SIZE,1.6,4,M6,X,9.4,6.4,8.1,35,186
14,FUSION,MID-SIZE,2,4,AS6,X,10.5,7.1,9,31,207
14,FUSION,MID-SIZE,2.5,4,AS6,X,10.5,7,8.9,32,205
14,FUSION (Start/Stop),MID-SIZE,1.5,4,AS6,X,9.5,6.3,8.1,35,186
14,FUSION AWD,MID-SIZE,2,4,AS6,X,10.9,7.5,9.4,30,216
14,FUSION HYBRID,MID-SIZE,2,4,AV,X,5.3,5.7,5.5,51,126
14,MUSTANG,SUBCOMPACT,3.7,6,A6,X,12.1,7.8,10.2,28,235
14,MUSTANG,SUBCOMPACT,3.7,6,M6,X,12.7,8.1,10.6,27,244
14,MUSTANG,SUBCOMPACT,5,8,A6,X,13.3,9.3,11.5,25,264
14,MUSTANG,SUBCOMPACT,5,8,M6,X,15.4,9.4,12.7,22,292
14,MUSTANG,SUBCOMPACT,5.8,8,M6,Z,15.9,9.9,13.2,21,304
14,MUSTANG CONVERTIBLE,SUBCOMPACT,3.7,6,A6,X,12.5,8.2,10.6,27,244
14,TAURUS,FULL-SIZE,2,4,AS6,X,10.5,7.3,9.1,31,209
14,TAURUS AWD,FULL-SIZE,3.5,6,AS6,X,13.7,9.4,11.8,24,271
14,TAURUS FFV,FULL-SIZE,3.5,6,AS6,X,12.1,8.1,10.3,27,237
14,TAURUS FFV,FULL-SIZE,3.5,6,AS6,E,17,11.1,14.3,20,229
14,TAURUS FFV AWD,FULL-SIZE,3.5,6,AS6,X,13,9.1,11.2,25,258
14,TAURUS FFV AWD,FULL-SIZE,3.5,6,AS6,E,18.4,12.5,15.7,18,251
14,TRANSIT CONNECT,SPECIAL PURPOSE VEHICLE,1.6,4,AS6,X,10.8,8,9.5,30,218
14,TRANSIT CONNECT,SPECIAL PURPOSE VEHICLE,2.5,4,AS6,X,11.3,8.2,9.9,29,228
14,TRANSIT CONNECT TAXI,SPECIAL PURPOSE VEHICLE,1.6,4,AS6,X,11.5,8.3,10.1,28,232
14,TRANSIT CONNECT WAGON,SPECIAL PURPOSE VEHICLE,2.5,4,AS6,X,11.9,8.5,10.4,27,239
15,G80 AWD,FULL-SIZE,3.8,6,AS8,X,14.3,9.5,12.1,23,286
15,G80 AWD,FULL-SIZE,5,8,AS8,Z,17.2,10.5,14.2,20,332
15,G90 AWD,FULL-SIZE,3.3,6,AS8,Z,13.7,9.7,11.9,24,279
15,G90 AWD,FULL-SIZE,5,8,AS8,Z,15.2,10.2,13,22,306
16,ACADIA,SUV - STANDARD,3.6,6,A6,X,14.3,9.9,12.3,23,283
16,ACADIA AWD,SUV - STANDARD,3.6,6,A6,X,14.9,10.4,12.9,22,297
16,SAVANA 1500 CARGO,VAN - CARGO,4.3,6,A4,X,17.1,12.7,15.1,19,347
16,SAVANA 1500 CARGO,VAN - CARGO,5.3,8,A4,X,18,13.4,15.9,18,366
16,SAVANA 1500 CARGO,VAN - CARGO,5.3,8,A4,E,23.5,17.7,20.9,14,334
16,SAVANA 1500 CARGO AWD,VAN - CARGO,5.3,8,A4,X,18.3,14.2,16.5,17,380
16,SAVANA 1500 CARGO AWD,VAN - CARGO,5.3,8,A4,E,23.7,18.8,21.5,13,344
16,SAVANA 1500 CARGO CONV,VAN - CARGO,5.3,8,A4,X,18.6,13.9,16.5,17,380
16,SAVANA 1500 CARGO CONV,VAN - CARGO,5.3,8,A4,E,23.9,18.5,21.5,13,344
16,SAVANA 1500 CARGO CONV AWD,VAN - CARGO,5.3,8,A4,X,18.3,14.2,16.5,17,380
16,SAVANA 1500 CARGO CONV AWD,VAN - CARGO,5.3,8,A4,E,25.3,19.3,22.6,12,362
16,SAVANA 1500 PASSENGER,VAN - PASSENGER,5.3,8,A4,X,18.6,13.9,16.5,17,380
16,SAVANA 1500 PASSENGER,VAN - PASSENGER,5.3,8,A4,E,23.9,18.5,21.5,13,344
16,SAVANA 1500 PASSENGER AWD,VAN - PASSENGER,5.3,8,A4,X,18.3,14.2,16.5,17,380
16,SAVANA 1500 PASSENGER AWD,VAN - PASSENGER,5.3,8,A4,E,25.3,19.3,22.6,12,362
16,SAVANA 2500 PASSENGER,VAN - PASSENGER,4.8,8,A6,X,21.1,14.2,18,16,414
16,SAVANA 2500 PASSENGER,VAN - PASSENGER,6,8,A6,X,21.9,15,18.8,15,432
16,SAVANA 2500 PASSENGER,VAN - PASSENGER,6,8,A6,E,30,20.4,25.7,11,411
16,SAVANA 3500 PASSENGER,VAN - PASSENGER,4.8,8,A6,X,21.3,14.3,18.2,16,419
16,SAVANA 3500 PASSENGER,VAN - PASSENGER,6,8,A6,X,22.1,15,18.9,15,435
16,SAVANA 3500 PASSENGER,VAN - PASSENGER,6,8,A6,E,30.2,20.5,25.8,11,413
16,SIERRA,PICKUP TRUCK - STANDARD,4.3,6,A6,X,13.4,9.9,11.8,24,271
16,SIERRA,PICKUP TRUCK - STANDARD,4.3,6,A6,E,18.9,14.2,16.8,17,269
16,SIERRA,PICKUP TRUCK - STANDARD,5.3,8,A6,X,14.6,10.3,12.7,22,292
16,SIERRA,PICKUP TRUCK - STANDARD,5.3,8,A6,E,19.5,13.7,16.9,17,270
16,SIERRA,PICKUP TRUCK - STANDARD,6.2,8,A6,Z,16.3,11.4,14.1,20,324
16,SIERRA 4WD,PICKUP TRUCK - STANDARD,4.3,6,A6,X,14.2,10.6,12.6,22,290
16,SIERRA 4WD,PICKUP TRUCK - STANDARD,4.3,6,A6,E,20,15.1,17.8,16,285
16,SIERRA 4WD,PICKUP TRUCK - STANDARD,5.3,8,A6,X,14.9,10.6,13,22,299
16,SIERRA 4WD,PICKUP TRUCK - STANDARD,5.3,8,A6,E,19.9,14.2,17.3,16,277
16,SIERRA 4WD,PICKUP TRUCK - STANDARD,6.2,8,A6,Z,16.4,11.7,14.3,20,329
16,TERRAIN,SUV - SMALL,2.4,4,A6,X,10.5,7.3,9.1,31,209
16,TERRAIN,SUV - SMALL,3.6,6,A6,X,13.9,9.6,12,24,276
16,TERRAIN,SUV - SMALL,3.6,6,A6,E,18.8,13.1,16.2,17,259
16,TERRAIN AWD,SUV - SMALL,2.4,4,A6,X,11.5,8.2,10,28,230
16,TERRAIN AWD,SUV - SMALL,3.6,6,A6,X,14.8,9.9,12.6,22,290
16,TERRAIN AWD,SUV - SMALL,3.6,6,A6,E,19.8,13.6,17,17,272
16,YUKON,SUV - STANDARD,5.3,8,A6,X,16,11.1,13.8,20,317
16,YUKON,SUV - STANDARD,5.3,8,A6,E,21.5,14.6,18.4,15,294
16,YUKON 4WD,SUV - STANDARD,5.3,8,A6,X,16,11.1,13.8,20,317
16,YUKON 4WD,SUV - STANDARD,5.3,8,A6,E,21.5,14.6,18.4,15,294
16,YUKON DENALI AWD,SUV - STANDARD,6.2,8,A6,Z,17,11.8,14.7,19,338
16,YUKON DENALI AWD,SUV - STANDARD,6.2,8,A6,E,23.3,16.1,20.1,14,322
16,YUKON DENALI XL AWD,SUV - STANDARD,6.2,8,A6,Z,18.8,13.4,16.4,17,377
16,YUKON DENALI XL AWD,SUV - STANDARD,6.2,8,A6,E,25.7,17.8,22.1,13,354
16,YUKON XL,SUV - STANDARD,5.3,8,A6,X,16,11.1,13.8,20,317
16,YUKON XL,SUV - STANDARD,5.3,8,A6,E,21.5,14.6,18.4,15,294
16,YUKON XL 4WD,SUV - STANDARD,5.3,8,A6,X,16,11.1,13.8,20,317
16,YUKON XL 4WD,SUV - STANDARD,5.3,8,A6,E,21.5,14.6,18.4,15,294
17,ACCORD,MID-SIZE,2.4,4,AV,X,9,6.6,7.9,36,182
17,ACCORD,MID-SIZE,2.4,4,AV7,X,9.1,6.9,8.1,35,186
17,ACCORD,MID-SIZE,2.4,4,M6,X,10.1,6.9,8.7,32,200
17,ACCORD,MID-SIZE,3.5,6,A6,X,11,6.8,9.1,31,209
17,ACCORD,MID-SIZE,3.5,6,AS6,X,11.4,7.3,9.6,29,221
17,ACCORD,MID-SIZE,3.5,6,M6,X,13,8.4,10.9,26,251
17,ACCORD HYBRID,MID-SIZE,2,4,AV,X,4.7,4.9,4.8,59,110
17,CIVIC,COMPACT,1.8,4,AV,X,7.9,6,7,40,161
17,CIVIC,COMPACT,1.8,4,AV7,X,8.1,6.2,7.2,39,166
17,CIVIC,COMPACT,1.8,4,M5,X,8.5,6.6,7.6,37,175
17,CROSSTOUR AWD,SUV - SMALL,3.5,6,A6,X,12.5,8.5,10.7,26,246
17,CR-V,SUV - SMALL,2.4,4,A5,X,10.3,7.6,9.1,31,209
17,CR-V AWD,SUV - SMALL,2.4,4,A5,X,10.6,7.9,9.4,30,216
17,CR-Z,TWO-SEATER,1.5,4,AV7,X,6.6,6,6.3,45,145
17,CR-Z,TWO-SEATER,1.5,4,M6,X,7.6,6.1,6.9,41,159
17,FIT,STATION WAGON - SMALL,1.5,4,A5,X,8.3,6.5,7.5,38,172
17,FIT,STATION WAGON - SMALL,1.5,4,M5,X,8.3,6.9,7.7,37,177
17,ODYSSEY,30VAN,3.5,6,A6,X,12.3,8.5,10.6,27,244
17,PILOT,SUV - SMALL,3.5,6,A5,X,13.3,9.3,11.5,25,265
17,PILOT AWD,SUV - SMALL,3.5,6,A5,X,13.9,9.7,12,24,276
17,RIDGELINE AWD,PICKUP TRUCK - STANDARD,3.5,6,A5,X,15.2,11.3,13.4,21,308
18,ACCENT,COMPACT,1.6,4,A6,X,8.8,6.3,7.7,37,177
18,ACCENT,COMPACT,1.6,4,M6,X,8.7,6.4,7.7,37,177
18,ELANTRA GT,MID-SIZE,2,4,A6,X,9.8,7.2,8.6,33,198
18,ELANTRA GT,MID-SIZE,2,4,M6,X,9.8,7,8.5,33,196
18,EQUUS,FULL-SIZE,5,8,A8,Z,15.7,10.2,13.2,21,304
18,15,FULL-SIZE,3.8,6,A8,X,13,8.7,11.1,25,255
18,SANTA FE,SUV - SMALL,3.3,6,A6,X,13,9.1,11.2,25,258
18,SANTA FE 4WD,SUV - SMALL,3.3,6,A6,X,13.3,9.5,11.6,24,267
18,SANTA FE SPORT,SUV - SMALL,2.4,4,A6,X,11.6,8.7,10.3,27,237
18,SANTA FE SPORT 4WD,SUV - SMALL,2,4,A6,X,12.9,9.7,11.5,25,264
18,SANTA FE SPORT 4WD,SUV - SMALL,2.4,4,A6,X,12.5,9.4,11.1,25,255
18,SONATA,FULL-SIZE,2,4,A6,X,11.4,7.5,9.6,29,221
18,SONATA,FULL-SIZE,2.4,4,A6,X,9.8,7,8.5,33,196
18,SONATA HYBRID,MID-SIZE,2.4,4,AS6,X,6.5,5.9,6.2,46,143
18,SONATA HYBRID LIMITED,MID-SIZE,2.4,4,AS6,X,6.6,5.9,6.3,45,145
18,TUCSON,SUV - SMALL,2,4,A6,X,10.2,8.2,9.3,30,214
18,TUCSON,SUV - SMALL,2,4,M6,X,11.4,8.6,10.1,28,232
18,TUCSON,SUV - SMALL,2.4,4,A6,X,11.3,8.3,10,28,230
18,TUCSON 4WD,SUV - SMALL,2,4,A6,X,11.4,9.3,10.5,27,242
18,TUCSON 4WD,SUV - SMALL,2.4,4,A6,X,11.6,9.3,10.6,27,244
18,VELOSTER,COMPACT,1.6,4,AM6,X,8.6,6.6,7.7,37,177
18,VELOSTER,COMPACT,1.6,4,M6,X,9.1,6.7,8,35,184
18,VELOSTER TURBO,COMPACT,1.6,4,A6,X,9.9,7.5,8.8,32,202
18,VELOSTER TURBO,COMPACT,1.6,4,M6,X,9.7,7.1,8.5,33,196
19,Q50,MID-SIZE,3.7,6,AS7,Z,12,8,10.2,28,235
19,Q50 AWD,MID-SIZE,3.7,6,AS7,Z,12.6,8.7,10.8,26,248
19,Q50 HYBRID,COMPACT,3.5,6,AS7,Z,8.2,6.7,7.5,38,172
19,Q50 HYBRID AWD,COMPACT,3.5,6,AS7,Z,8.7,7.5,8.2,34,189
19,Q60 AWD COUPE,SUBCOMPACT,3.7,6,AS7,Z,13.3,9.4,11.5,25,265
19,Q60 CONVERTIBLE,SUBCOMPACT,3.7,6,AS7,Z,13.6,9.3,11.7,24,269
19,Q60 CONVERTIBLE,SUBCOMPACT,3.7,6,M6,Z,14.3,9.8,12.3,23,283
19,Q60 COUPE,SUBCOMPACT,3.7,6,AS7,Z,12.9,8.9,11.1,25,255
19,Q60 COUPE,SUBCOMPACT,3.7,6,M6,Z,13.5,9.3,11.6,24,267
19,Q70,MID-SIZE,3.7,6,AS7,Z,12.8,8.9,11,26,253
19,Q70,MID-SIZE,5.6,8,AS7,Z,14.5,9.5,12.3,23,283
19,Q70 AWD,MID-SIZE,3.7,6,AS7,Z,13.2,9.6,11.6,24,267
19,Q70 AWD,MID-SIZE,5.6,8,AS7,Z,15,10.2,12.8,22,294
19,Q70 HYBRID,MID-SIZE,3.5,6,AS7,Z,8,7,7.6,37,175
19,QX50 AWD,STATION WAGON - SMALL,3.7,6,AS7,Z,13.6,9.6,11.8,24,271
19,QX60,SUV - SMALL,3.5,6,AV,Z,11.9,9,10.6,27,244
19,QX60 AWD,SUV - SMALL,3.5,6,AV,Z,12.3,9.3,11,26,253
19,QX60 HYBRID AWD,SUV - STANDARD,2.5,4,AV,X,8.8,8.2,8.5,33,196
19,QX70 AWD,SUV - SMALL,3.7,6,AS7,Z,14.5,10.7,12.8,22,294
19,QX70 AWD,SUV - SMALL,5,8,AS7,Z,16.6,11.9,14.5,19,334
19,QX80 4WD,SUV - STANDARD,5.6,8,AS7,Z,17.4,12.1,15,19,345
20,F-TYPE CONVERTIBLE,TWO-SEATER,3,6,AS8,Z,11.8,8.4,10.3,27,237
20,F-TYPE S CONVERTIBLE,TWO-SEATER,3,6,AS8,Z,12.2,8.7,10.6,27,244
20,F-TYPE V8 S CONVERTIBLE,TWO-SEATER,5,8,AS8,Z,15,10.2,12.8,22,294
20,XF,MID-SIZE,2,4,AS8,Z,12.3,8.2,10.5,27,242
20,XF 3.0L AWD,MID-SIZE,3,6,AS8,Z,14.7,9.1,12.2,23,281
20,XFR,MID-SIZE,5,8,AS8,Z,15.7,10.3,13.3,21,306
20,XFR,MID-SIZE,5,8,AS8,E,21.3,14.1,18.1,16,290
20,XFR-S,MID-SIZE,5,8,AS8,Z,15.7,10.3,13.3,21,306
20,XJ AWD,FULL-SIZE,3,6,AS8,Z,14.6,9.6,12.4,23,285
20,XJ SUPERCHARGED,FULL-SIZE,5,8,AS8,Z,15.8,10.2,13.3,21,306
20,XJ SUPERCHARGED,FULL-SIZE,5,8,AS8,E,20.6,13.6,17.5,16,280
20,XJL AWD PORTFOLIO,FULL-SIZE,3,6,AS8,Z,14.7,9.6,12.4,23,285
20,XJL SUPERCHARGED,FULL-SIZE,5,8,AS8,Z,15.8,10.2,13.3,21,306
20,XJL SUPERCHARGED,FULL-SIZE,5,8,AS8,E,20.6,13.6,17.5,16,280
20,XJR,FULL-SIZE,5,8,AS8,Z,15.8,10.2,13.3,21,306
20,XJR LWB,FULL-SIZE,5,8,AS8,Z,15.8,10.2,13.3,21,306
20,XK CONVERTIBLE,30COMPACT,5,8,AS6,Z,15.1,10.6,13.1,22,301
20,XK COUPE,30COMPACT,5,8,AS6,Z,14.8,9.9,12.6,22,290
20,XKR CONVERTIBLE,30COMPACT,5,8,AS6,Z,15.9,10.9,13.7,21,315
20,XKR COUPE,30COMPACT,5,8,AS6,Z,15.6,10.9,13.5,21,310
20,XKR-S CONVERTIBLE,30COMPACT,5,8,AS6,Z,15.9,10.9,13.7,21,315
20,XKR-S COUPE,30COMPACT,5,8,AS6,Z,15.6,10.9,13.5,21,310
21,CHEROKEE,SUV - SMALL,2.4,4,A9,X,10.9,7.7,9.5,30,218
21,CHEROKEE,SUV - SMALL,3.2,6,A9,X,12.3,8.3,10.5,27,242
21,CHEROKEE 4X4,SUV - SMALL,2.4,4,A9,X,11.3,8.3,10,28,230
21,CHEROKEE 4X4,SUV - SMALL,3.2,6,A9,X,12.5,8.8,10.8,26,248
21,CHEROKEE 4X4 ACTIVE DRIVE II,SUV - SMALL,2.4,4,A9,X,11.4,8.6,10.1,28,232
21,CHEROKEE 4X4 ACTIVE DRIVE II,SUV - SMALL,3.2,6,A9,X,12.5,9.1,11,26,253
21,CHEROKEE TRAILHAWK 4X4,SUV - SMALL,2.4,4,A9,X,12.1,9.4,10.9,26,251
21,CHEROKEE TRAILHAWK 4X4,SUV - SMALL,3.2,6,A9,X,13.4,9.5,11.6,24,267
21,COMPASS,SUV - SMALL,2,4,AV,X,10.7,8.8,9.9,29,228
21,COMPASS,SUV - SMALL,2,4,A6,X,11.1,8.3,9.8,29,225
21,COMPASS,SUV - SMALL,2,4,M5,X,10.2,7.8,9.1,31,209
21,COMPASS,SUV - SMALL,2.4,4,A6,X,11.1,8.3,9.8,29,225
21,COMPASS,SUV - SMALL,2.4,4,M5,X,10.3,8.3,9.4,30,216
21,COMPASS 4X4,SUV - SMALL,2.4,4,A6,X,11.4,8.7,10.2,28,235
21,COMPASS 4X4,SUV - SMALL,2.4,4,M5,X,10.3,8.4,9.4,30,216
21,COMPASS 4X4 TRAIL RATED,SUV - SMALL,2.4,4,AV,X,11.7,10.3,11.1,25,255
21,GRAND CHEROKEE 4X4 (MDS),SUV - STANDARD,5.7,8,A8,X,17.3,11.7,14.8,19,340
21,GRAND CHEROKEE 4X4 DIESEL,SUV - STANDARD,3,6,A8,D,11.2,8.4,9.9,29,267
21,GRAND CHEROKEE 4X4 FFV,SUV - STANDARD,3.6,6,A8,X,13.9,9.8,12.1,23,278
21,GRAND CHEROKEE 4X4 FFV,SUV - STANDARD,3.6,6,A8,E,17.7,13,15.6,18,250
21,GRAND CHEROKEE 38 4X4 (MDS),SUV - STANDARD,6.4,8,A8,Z,18.5,12.6,15.8,18,363
21,PATRIOT,SUV - SMALL,2,4,AV,X,10.7,8.8,9.9,29,228
21,PATRIOT,SUV - SMALL,2,4,A6,X,11.1,8.3,9.8,29,225
21,PATRIOT,SUV - SMALL,2,4,M5,X,10.2,7.8,9.1,31,209
21,PATRIOT,SUV - SMALL,2.4,4,A6,X,11.1,8.3,9.8,29,225
21,PATRIOT,SUV - SMALL,2.4,4,M5,X,10.3,8.3,9.4,30,216
21,PATRIOT 4X4,SUV - SMALL,2.4,4,A6,X,11.4,8.7,10.2,28,235
21,PATRIOT 4X4,SUV - SMALL,2.4,4,M5,X,10.3,8.4,9.4,30,216
21,PATRIOT 4X4 TRAIL RATED,SUV - SMALL,2.4,4,AV,X,11.7,10.3,11.1,25,255
21,WRANGLER 4X4 (2-DOOR),SUV - SMALL,3.6,6,A5,X,14.1,11.1,12.8,22,294
21,WRANGLER 4X4 (2-DOOR),SUV - SMALL,3.6,6,M6,X,14.2,11,12.8,22,294
21,WRANGLER UNLIMITED 4X4 (4-DOOR),SUV - SMALL,3.6,6,A5,X,14.8,11.7,13.4,21,308
21,WRANGLER UNLIMITED 4X4 (4-DOOR),SUV - SMALL,3.6,6,M6,X,15,11.4,13.4,21,308
22,CADENZA,FULL-SIZE,3.3,6,A6,X,12.7,8.8,10.9,26,251
22,FORTE,MID-SIZE,1.8,4,A6,X,9.6,6.6,8.3,34,191
22,FORTE,MID-SIZE,1.8,4,M6,X,9.3,6.4,8,35,184
22,FORTE,MID-SIZE,2,4,A6,X,9.8,6.6,8.4,34,193
22,FORTE,MID-SIZE,2,4,M6,X,9.7,6.8,8.4,34,193
22,FORTE 5,FULL-SIZE,1.6,4,A6,X,11.1,8,9.7,29,223
22,FORTE 5,FULL-SIZE,1.6,4,M6,X,11.1,8.2,9.8,29,225
22,FORTE 5,FULL-SIZE,2,4,A6,X,9.7,6.8,8.4,34,193
22,FORTE 5,FULL-SIZE,2,4,M6,X,9.8,7,8.5,33,196
22,FORTE KOUP,COMPACT,1.6,4,A6,X,10.6,7.9,9.4,30,216
22,FORTE KOUP,COMPACT,1.6,4,M6,X,10.8,8.1,9.6,29,221
22,FORTE KOUP,COMPACT,2,4,A6,X,9.6,7,8.4,34,193
22,FORTE KOUP,COMPACT,2,4,M6,X,9.8,7.2,8.6,33,198
22,OPTIMA,MID-SIZE,2,4,A6,X,11.7,7.6,9.9,29,228
22,OPTIMA,MID-SIZE,2.4,4,A6,X,10.2,6.8,8.7,32,200
22,OPTIMA HYBRID,MID-SIZE,2.4,4,AS6,X,6.5,5.9,6.2,46,143
22,OPTIMA HYBRID EX,MID-SIZE,2.4,4,AS6,X,6.7,6,6.4,44,147
22,RIO,COMPACT,1.6,4,A6,X,8.7,6.3,7.6,37,175
22,RIO,COMPACT,1.6,4,M6,X,8.7,6.4,7.7,37,177
22,RIO ECO,COMPACT,1.6,4,A6,X,8.5,6.4,7.6,37,175
22,RONDO,STATION WAGON - MID-SIZE,2,4,A6,X,10.5,7.5,9.2,31,212
22,RONDO,STATION WAGON - MID-SIZE,2,4,M6,X,10.8,7.4,9.3,30,214
22,SEDONA,30VAN,3.5,6,A6,X,13.7,9.9,12,24,276
22,SORENTO,SUV - SMALL,2.4,4,A6,X,11.8,8.5,10.3,27,237
22,SORENTO,SUV - SMALL,3.3,6,A6,X,12.9,9.5,11.4,25,262
22,SORENTO 4WD,SUV - SMALL,2.4,4,A6,X,12.3,9.3,11,26,253
22,SORENTO 4WD,SUV - SMALL,3.3,6,A6,X,13.4,9.9,11.8,24,271
22,SOUL,STATION WAGON - SMALL,1.6,4,A6,X,9.8,7.9,8.9,32,205
22,SOUL,STATION WAGON - SMALL,1.6,4,M6,X,9.9,7.8,9,31,207
22,SOUL,STATION WAGON - SMALL,2,4,A6,X,10.1,7.8,9.1,31,209
22,SOUL ECO Dynamics,STATION WAGON - SMALL,2,4,A6,X,9.7,7.8,8.8,32,202
22,SPORTAGE,SUV - SMALL,2.4,4,A6,X,11.4,8.3,10,28,230
22,SPORTAGE,SUV - SMALL,2.4,4,M6,X,12.9,9.3,11.3,25,260
22,SPORTAGE AWD,SUV - SMALL,2,4,A6,X,12.7,9.7,11.4,25,262
22,SPORTAGE AWD,SUV - SMALL,2.4,4,A6,X,12,9.1,10.7,26,246
23,AVENTADOR COUPE,TWO-SEATER,6.5,12,A7,Z,22.8,12.9,18.3,15,421
23,GALLARDO COUPE,TWO-SEATER,5.2,10,A6,Z,18,12.8,15.7,18,361
23,GALLARDO COUPE,TWO-SEATER,5.2,10,M6,Z,20.6,13.5,17.4,16,400
24,LR2,SUV - SMALL,2,4,AS6,Z,13.5,9.9,11.9,24,274
24,LR4,SUV - STANDARD,3,6,AS8,Z,16.3,12.4,14.5,19,334
24,RANGE ROVER EVOQUE,SUV - SMALL,2,4,AS9,Z,11.3,7.9,9.8,29,225
24,RANGE ROVER EVOQUE COUPE,SUV - SMALL,2,4,AS9,Z,11.3,7.9,9.8,29,225
24,RANGE ROVER LWB V8 5.0 SC,SUV - STANDARD,5,8,AS8,Z,18,12.2,15.4,18,354
24,RANGE ROVER LWB V8 5.0 SC FFV,SUV - STANDARD,5,8,AS8,Z,17.2,12.5,15.1,19,347
24,RANGE ROVER LWB V8 5.0 SC FFV,SUV - STANDARD,5,8,AS8,E,25,16.9,21.4,13,342
24,RANGE ROVER SPORT V6 3.0 SC,SUV - STANDARD,3,6,AS8,Z,14.2,10.2,12.4,23,285
24,RANGE ROVER SPORT V6 3.0 SC FFV,SUV - STANDARD,3,6,AS8,Z,14.2,10.2,12.4,23,285
24,RANGE ROVER SPORT V6 3.0 SC FFV,SUV - STANDARD,3,6,AS8,E,19.4,14.9,17.4,16,278
24,RANGE ROVER SPORT V8 5.0 SC,SUV - STANDARD,5,8,AS8,Z,17.3,12.2,15,19,345
24,RANGE ROVER SPORT V8 5.0 SC FFV,SUV - STANDARD,5,8,AS8,Z,16.6,12.3,14.7,19,338
24,RANGE ROVER SPORT V8 5.0 SC FFV,SUV - STANDARD,5,8,AS8,E,24,16.6,20.7,14,331
24,RANGE ROVER V6 3.0 SC,SUV - STANDARD,3,6,AS8,Z,14.1,10.1,12.3,23,283
24,RANGE ROVER V6 3.0 SC FFV,SUV - STANDARD,3,6,AS8,Z,14.1,10.1,12.3,23,283
24,RANGE ROVER V6 3.0 SC FFV,SUV - STANDARD,3,6,AS8,E,19.4,14.8,17.3,16,277
24,RANGE ROVER V8 5.0 SC,SUV - STANDARD,5,8,AS8,Z,18,12.2,15.4,18,354
24,RANGE ROVER V8 5.0 SC FFV,SUV - STANDARD,5,8,AS8,Z,17.2,12.5,15.1,19,347
24,RANGE ROVER V8 5.0 SC FFV,SUV - STANDARD,5,8,AS8,E,25,16.9,21.4,13,342
25,CT 200h,COMPACT,1.8,4,AV,X,5.5,5.8,5.6,50,129
25,ES 300h,MID-SIZE,2.5,4,AV6,X,5.8,6.2,6,47,138
25,ES 350,MID-SIZE,3.5,6,AS6,X,11.3,7.6,9.6,29,221
25,GS 350,MID-SIZE,3.5,6,AS8,Z,12.1,8.3,10.4,27,239
25,GS 350 AWD,MID-SIZE,3.5,6,AS6,Z,12.5,9.1,11,26,253
25,GS 450h,MID-SIZE,3.5,6,AV8,Z,7.7,7.4,7.6,37,175
25,GX 460,SUV - STANDARD,4.6,8,AS6,Z,15.7,11.8,13.9,20,320
25,IS 250,COMPACT,2.5,6,AS6,Z,11.2,7.8,9.7,29,223
25,IS F,SUBCOMPACT,5,8,AS8,Z,14.6,10.1,12.6,22,290
25,LS 460,MID-SIZE,4.6,8,AS8,Z,14.5,9.6,12.3,23,283
25,LS 460 AWD,MID-SIZE,4.6,8,AS8,Z,15.1,10.3,12.9,22,297
25,LS 460 L AWD,MID-SIZE,4.6,8,AS8,Z,15.1,10.3,12.9,22,297
25,LS 600h L,MID-SIZE,5,8,AV8,Z,12,10.7,11.4,25,262
25,LX 570,SUV - STANDARD,5.7,8,AS6,Z,18.8,13.6,16.5,17,380
25,RX 350 AWD,SUV - SMALL,3.5,6,AS6,X,13.3,9.8,11.7,24,269
25,RX 350 AWD,SUV - SMALL,3.5,6,AS8,X,12.7,9.1,11.1,25,255
25,RX 450h AWD,SUV - SMALL,3.5,6,AV6,Z,7.9,8.6,8.2,34,189
26,MKS AWD,FULL-SIZE,3.5,6,AS6,X,13.7,9.4,11.8,24,271
26,MKT AWD,SUV - STANDARD,3.5,6,AS6,X,14.8,10.4,12.8,22,294
26,MKT LIVERY,SPECIAL PURPOSE VEHICLE,2,4,AS6,X,11.5,8.5,10.2,28,235
26,MKT LIVERY AWD,SPECIAL PURPOSE VEHICLE,3.7,6,A6,X,14,9.9,12.2,23,281
26,MKX AWD,SUV - SMALL,3.7,6,AS6,X,13.7,10.4,12.2,23,281
26,MKZ,MID-SIZE,2,4,AS6,X,10.5,7.1,9,31,207
26,MKZ AWD,MID-SIZE,3.7,6,AS6,X,13.1,9.3,11.4,25,262
26,MKZ HYBRID,MID-SIZE,2,4,AV,X,6.2,6.4,6.3,45,145
26,NAVIGATOR 4X4 FFV,SUV - STANDARD,5.4,8,A6,X,18.2,13.3,16,18,368
27,GHIBLI,MID-SIZE,3,6,AS8,Z,15.2,9.6,12.7,22,292
27,GHIBLI AWD,MID-SIZE,3,6,AS8,Z,15.2,9.6,12.7,22,292
27,GRANTURISMO,SUBCOMPACT,4.7,8,AS6,Z,18.2,11.4,15.1,19,347
27,GRANTURISMO CONVERTIBLE,SUBCOMPACT,4.7,8,AS6,Z,18.2,11.7,15.3,18,352
27,QUATTROPORTE GTS,FULL-SIZE,3.8,8,AS8,Z,17.6,10.7,14.5,19,334
27,QUATTROPORTE SQ4,FULL-SIZE,3,6,AS8,Z,15.9,9.7,13.1,22,301
28,CX-5,SUV - SMALL,2,4,AS6,X,8.9,7.3,8.2,34,189
28,CX-5 4WD,SUV - SMALL,2,4,AS6,X,9.3,7.6,8.5,33,196
28,CX-9,SUV - SMALL,3.7,6,AS6,X,14.2,10,12.3,23,283
28,CX-9 4WD,SUV - SMALL,3.7,6,AS6,X,14.3,10.6,12.6,22,290
28,282,COMPACT,1.5,4,M5,X,8,6.7,7.4,38,170
28,283 4-DOOR,COMPACT,2,4,AS6,X,7.9,5.7,6.9,41,159
28,283 4-DOOR (i-ELOOP),COMPACT,2.5,4,AS6,X,8.3,6.1,7.3,39,168
28,283 4-DOOR (SIL),COMPACT,2,4,M6,X,8,5.8,7,40,161
28,283 5-DOOR,MID-SIZE,2,4,AS6,X,8,5.9,7.1,40,163
28,283 5-DOOR (i-ELOOP),MID-SIZE,2.5,4,AS6,X,8.2,6.1,7.3,39,168
28,285,30VAN,2.5,4,M6,X,11.1,8.3,9.8,29,225
28,286,MID-SIZE,2.5,4,M6,X,9.4,6.4,8.1,35,186
28,286 (i-ELOOP),MID-SIZE,2.5,4,AS6,X,8.4,5.9,7.3,39,168
28,MX-5,TWO-SEATER,2,4,AS6,Z,11.5,8.5,10.2,28,235
29,C 250,COMPACT,1.8,4,AS7,Z,10.9,7.5,9.4,30,216
29,C 250 COUPE,SUBCOMPACT,1.8,4,AS7,Z,11,7.4,9.4,30,216
29,C 300 4MATIC FFV,COMPACT,3.5,6,AS7,Z,12.2,8.5,10.5,27,242
29,C 350,COMPACT,3.5,6,AS7,Z,12,8.6,10.5,27,242
29,C 350 4MATIC,COMPACT,3.5,6,AS7,Z,11.9,8.6,10.4,27,239
29,C 350 COUPE,SUBCOMPACT,3.5,6,AS7,Z,12.1,8.6,10.5,27,242
29,C 63 AMG COUPE,SUBCOMPACT,6.2,8,AS7,Z,17.9,12.2,15.3,18,352
29,CL 63 AMG,COMPACT,5.5,8,AS7,Z,15.4,11,13.4,21,308
29,CLA 250,COMPACT,2,4,AS7,Z,9.1,6.2,7.8,36,179
29,CLA 45 AMG 4MATIC,COMPACT,2,4,AS7,Z,10.3,7.8,9.2,31,212
29,CLS 550 4MATIC,COMPACT,4.7,8,AS7,Z,13.3,9.4,11.5,25,264
29,CLS 63 AMG 4MATIC,COMPACT,5.5,8,AS7,Z,15.1,10.7,13.1,22,301
29,E 250 BLUETEC 4MATIC,MID-SIZE,2.1,4,AS7,D,8.5,5.7,7.2,39,194
29,E 300 4MATIC,MID-SIZE,3.5,6,AS7,Z,11.8,8.2,10.2,28,235
29,E 350 4MATIC WAGON,STATION WAGON - MID-SIZE,3.5,6,AS7,Z,12.1,8.6,10.5,27,242
29,E 350 CABRIOLET,SUBCOMPACT,3.5,6,AS7,Z,12,8.5,10.4,27,239
29,E 350 COUPE,SUBCOMPACT,3.5,6,AS7,Z,11.9,8.2,10.2,28,235
29,E 400 HYBRID,MID-SIZE,3.5,6,AS7,Z,9.6,7.9,8.8,32,202
29,E 550 4MATIC,MID-SIZE,4.7,8,AS7,Z,13.6,9.1,11.6,24,267
29,E 550 CABRIOLET,SUBCOMPACT,4.7,8,AS7,Z,13.7,9.3,11.7,24,269
29,E 550 COUPE,SUBCOMPACT,4.7,8,AS7,Z,13.4,8.9,11.4,25,262
29,E 63 AMG 4MATIC,MID-SIZE,5.5,8,AS7,Z,15,10.3,12.9,22,297
29,E 63 AMG S 4MATIC WAGON,STATION WAGON - MID-SIZE,5.5,8,AS7,Z,15.5,11,13.5,21,310
29,G 550,SUV - STANDARD,5.5,8,AS7,Z,20,15.9,18.2,16,419
29,G 63 AMG,SUV - STANDARD,5.5,8,AS7,Z,19.4,15.7,17.7,16,407
29,GL 350 BLUETEC 4MATIC,SUV - STANDARD,3,6,AS7,D,13.4,10.2,12,24,324
29,GL 450 4MATIC,SUV - STANDARD,4.7,8,AS7,Z,17.1,12.8,15.2,19,350
29,GL 550 4MATIC,SUV - STANDARD,4.7,8,AS7,Z,17.6,13.1,15.6,18,359
29,GL 63 AMG,SUV - STANDARD,5.5,8,AS7,Z,17.7,13.4,15.8,18,363
29,GLK 250 BLUETEC 4MATIC,SUV - SMALL,2.1,4,AS7,D,9.6,7.1,8.5,33,230
29,GLK 350 4MATIC,SUV - SMALL,3.5,6,AS7,Z,12.6,9.6,11.3,25,260
29,ML 350 4MATIC FFV,SUV - STANDARD,3.5,6,AS7,Z,13.4,10.5,12.1,23,278
29,ML 550 4MATIC,SUV - STANDARD,4.7,8,AS7,Z,16.2,11.8,14.2,20,327
29,ML 63 AMG 4MATIC,SUV - STANDARD,5.5,8,AS7,Z,17.2,13.5,15.5,18,356
29,S 550 4MATIC LWB,FULL-SIZE,4.7,8,AS7,Z,14.3,9.5,12.1,23,278
29,S 63 AMG 4MATIC,FULL-SIZE,5.5,8,AS7,Z,15.6,10.3,13.2,21,304
29,SL 550,TWO-SEATER,4.7,8,AS7,Z,13.4,9.6,11.7,24,269
29,SL 63 AMG,TWO-SEATER,5.5,8,AS7,Z,14.8,10.2,12.7,22,292
29,SLK 250,TWO-SEATER,1.8,4,AS7,Z,10.3,7.2,8.9,32,205
29,SLK 55 AMG,TWO-SEATER,5.5,8,AS7,Z,12.3,8.7,10.7,26,246
29,SLS AMG BLACK SERIES COUPE,TWO-SEATER,6.2,8,AS7,Z,18.7,13.9,16.5,17,380
29,SLS AMG ROADSTER,TWO-SEATER,6.2,8,AS7,Z,18.2,12.6,15.7,18,361
30,COOPER CLUBMAN,SUBCOMPACT,1.6,4,A6,Z,8.7,6.6,7.8,36,179
30,COOPER CONVERTIBLE,30COMPACT,1.6,4,M6,Z,8.6,6.8,7.8,36,179
30,COOPER COUNTRYMAN,COMPACT,1.6,4,M6,Z,8.6,6.8,7.8,36,179
30,COOPER COUPE,TWO-SEATER,1.6,4,M6,Z,8,6.4,7.3,39,168
30,COOPER PACEMAN,COMPACT,1.6,4,M6,Z,8.6,6.8,7.8,36,179
30,COOPER ROADSTER,TWO-SEATER,1.6,4,M6,Z,8.6,6.8,7.8,36,179
30,COOPER S CLUBMAN,SUBCOMPACT,1.6,4,M6,Z,9.1,6.7,8,35,184
30,COOPER S CONVERTIBLE,30COMPACT,1.6,4,M6,Z,9.1,6.7,8,35,184
30,COOPER S COUNTRYMAN ALL4,COMPACT,1.6,4,M6,Z,9.3,7.5,8.5,33,196
30,COOPER S COUPE,TWO-SEATER,1.6,4,M6,Z,9.1,6.7,8,35,184
30,COOPER S PACEMAN ALL4,COMPACT,1.6,4,M6,Z,9.3,7.5,8.5,33,196
30,COOPER S ROADSTER,TWO-SEATER,1.6,4,A6,Z,9.3,7,8.3,34,191
30,JOHN COOPER WORKS CLUBMAN,SUBCOMPACT,1.6,4,A6,Z,9.3,7,8.3,34,191
30,JOHN COOPER WORKS CONVERTIBLE,30COMPACT,1.6,4,A6,Z,9.3,7,8.3,34,191
30,JOHN COOPER WORKS COUNTRYMAN ALL4,COMPACT,1.6,4,A6,Z,10,7.8,9,31,207
30,JOHN COOPER WORKS COUPE,TWO-SEATER,1.6,4,A6,Z,9.3,7,8.3,34,191
30,JOHN COOPER WORKS PACEMAN ALL4,COMPACT,1.6,4,A6,Z,10,7.8,9,31,207
30,JOHN COOPER WORKS ROADSTER,TWO-SEATER,1.6,4,A6,Z,9.3,7,8.3,34,191
31,LANCER,COMPACT,2,4,AV6,X,9.2,7,8.2,34,189
31,LANCER AWD,COMPACT,2.4,4,AV6,X,10.5,8.2,9.5,30,218
31,LANCER EVOLUTION,COMPACT,2,4,AM6,Z,14.2,10.5,12.5,23,288
31,LANCER RALLIART,COMPACT,2,4,AM6,Z,13.4,9.4,11.6,24,267
31,LANCER SPORTBACK,STATION WAGON - SMALL,2,4,AV6,X,9.6,7.3,8.6,33,198
31,MIRAGE,COMPACT,1.2,3,AV,X,6.4,5.4,6,47,138
31,OUTLANDER,SUV - SMALL,2.4,4,AV6,X,9.5,7.5,8.6,33,198
31,OUTLANDER 4WD,SUV - SMALL,2.4,4,AV6,X,9.9,8.1,9.1,31,209
31,RVR,SUV - SMALL,2,4,AV6,X,9.6,7.6,8.7,32,200
31,RVR 4WD,SUV - SMALL,2,4,AV6,X,9.8,8,9,31,207
32,370Z,TWO-SEATER,3.7,6,AS7,Z,12.6,9.1,11,26,253
32,370Z ROADSTER,TWO-SEATER,3.7,6,AS7,Z,13,9.5,11.4,25,262
32,ALTIMA,MID-SIZE,2.5,4,AV,X,8.7,6.2,7.6,37,175
32,ARMADA 4WD,SUV - STANDARD,5.6,8,A5,X,19.1,13.4,16.5,17,380
32,FRONTIER,PICKUP TRUCK - SMALL,2.5,4,A5,X,13.7,10.6,12.3,23,283
32,FRONTIER 4WD,PICKUP TRUCK - SMALL,4,6,A5,X,15.7,11.2,13.7,21,315
32,GT-R,SUBCOMPACT,3.8,6,AM6,Z,14.5,10.9,12.9,22,297
32,JUKE,STATION WAGON - SMALL,1.6,4,AV,Z,8.7,7.3,8.1,35,186
32,JUKE AWD,STATION WAGON - SMALL,1.6,4,AV,Z,9.3,7.9,8.7,32,200
32,MAXIMA,MID-SIZE,3.5,6,AV,Z,12.3,9.1,10.9,26,251
32,MURANO AWD,SUV - SMALL,3.5,6,AV,X,13.2,10.1,11.8,24,271
32,NV200 CARGO VAN,SPECIAL PURPOSE VEHICLE,2,4,AV,X,10,8.5,9.3,30,214
32,PATHFINDER,SUV - SMALL,3.5,6,AV,X,12,8.9,10.6,27,244
32,PATHFINDER 4WD,SUV - SMALL,3.5,6,AV,X,12.3,9.3,11,26,253
32,PATHFINDER HYBRID 4WD,SUV - STANDARD,2.5,4,AV,X,9.1,8.5,8.8,32,202
32,QUEST,30VAN,3.5,6,AV,X,12.5,9.5,11.1,25,255
32,ROGUE,SUV - SMALL,2.5,4,AV,X,9.2,7.2,8.3,34,191
32,ROGUE AWD,SUV - SMALL,2.5,4,AV,X,9.5,7.4,8.6,33,198
32,SENTRA,MID-SIZE,1.8,4,AV,X,7.8,6,7,40,161
32,TITAN,PICKUP TRUCK - STANDARD,5.6,8,A5,X,17.9,12.8,15.6,18,359
32,TITAN 4WD,PICKUP TRUCK - STANDARD,5.6,8,A5,X,19.7,14.3,17.3,16,398
32,VERSA,COMPACT,1.6,4,AV,X,7.2,5.8,6.6,43,152
32,XTERRA 4WD,SUV - SMALL,4,6,A5,X,16.1,11.9,14.2,20,327
33,911 CARRERA,30COMPACT,3.4,6,AM7,Z,11.6,8.3,10.1,28,232
33,911 CARRERA 4,30COMPACT,3.4,6,AM7,Z,11.8,8.5,10.3,27,237
33,911 CARRERA 4 CABRIOLET,30COMPACT,3.4,6,AM7,Z,12,8.7,10.5,27,242
33,911 CARRERA 4S,30COMPACT,3.8,6,AM7,Z,12.3,8.9,10.8,26,248
33,911 CARRERA 4S CABRIOLET,30COMPACT,3.8,6,AM7,Z,12.7,9,11,26,253
33,911 CARRERA CABRIOLET,30COMPACT,3.4,6,AM7,Z,11.6,8.3,10.1,28,232
33,911 CARRERA S,30COMPACT,3.8,6,AM7,Z,12.1,8.7,10.6,27,244
33,911 CARRERA S CABRIOLET,30COMPACT,3.8,6,AM7,Z,12.4,8.7,10.7,26,246
33,911 GT3,TWO-SEATER,3.8,6,AM7,Z,16,11.5,14,20,322
33,911 TURBO,30COMPACT,3.8,6,AM7,Z,13.7,9.6,11.9,24,274
33,911 TURBO CABRIOLET,30COMPACT,3.8,6,AM7,Z,13.7,9.6,11.9,24,274
33,911 TURBO S,30COMPACT,3.8,6,AM7,Z,13.7,9.6,11.9,24,274
33,911 TURBO S CABRIOLET,30COMPACT,3.8,6,AM7,Z,13.7,9.6,11.9,24,274
33,BOXSTER,TWO-SEATER,2.7,6,M6,Z,11.5,7.9,9.9,29,228
33,BOXSTER S,TWO-SEATER,3.4,6,M6,Z,11.9,8.6,10.4,27,239
33,CAYENNE,SUV - STANDARD,3.6,6,A8,Z,14.1,10.2,12.4,23,290
33,CAYENNE DIESEL (modified),SUV - STANDARD,3,6,A8,D,11.8,8.1,10.2,28,277
33,CAYENNE GTS,SUV - STANDARD,4.8,8,A8,Z,16.7,11.5,14.4,20,338
33,CAYENNE S,SUV - STANDARD,4.8,8,A8,Z,15.5,10.7,13.2,21,310
33,CAYENNE S HYBRID,SUV - STANDARD,3,6,A8,Z,11.8,9.9,10.9,26,251
33,CAYENNE TURBO,SUV - STANDARD,4.8,8,A8,Z,16.3,11,13.9,20,326
33,CAYENNE TURBO S,SUV - STANDARD,4.8,8,A8,Z,18,11.9,15.2,19,358
33,CAYMAN,TWO-SEATER,2.7,6,AM7,Z,10.7,7.4,9.2,31,212
33,CAYMAN S,TWO-SEATER,3.4,6,AM7,Z,11.3,7.9,9.8,29,225
33,PANAMERA,FULL-SIZE,3.6,6,AM7,Z,12.9,8.4,10.9,26,251
33,PANAMERA 4,FULL-SIZE,3.6,6,AM7,Z,13.1,8.7,11.1,25,255
33,PANAMERA 4S EXECUTIVE,FULL-SIZE,3,6,AM7,Z,13.7,8.9,11.5,25,264
33,PANAMERA GTS,FULL-SIZE,4.8,8,AM7,Z,15.1,9.7,12.7,22,292
33,PANAMERA S,FULL-SIZE,3,6,AM7,Z,13.4,8.8,11.3,25,260
33,PANAMERA TURBO,FULL-SIZE,4.8,8,AM7,Z,15.3,9.7,12.8,22,294
33,PANAMERA TURBO EXECUTIVE,FULL-SIZE,4.8,8,AM7,Z,15.4,9.8,12.9,22,297
34,1500 (MDS),PICKUP TRUCK - STANDARD,5.7,8,A6,X,17.1,12,14.8,19,340
34,1500 4X4 (MDS),PICKUP TRUCK - STANDARD,5.7,8,A6,X,17.6,12.7,15.4,18,354
34,1500 DIESEL,PICKUP TRUCK - STANDARD,3,6,A8,D,11.6,8.4,10.2,28,275
34,1500 FFV,PICKUP TRUCK - STANDARD,3.6,6,A8,X,13.9,9.5,11.9,24,274
34,1500 FFV,PICKUP TRUCK - STANDARD,3.6,6,A8,E,19.4,13.6,16.8,17,269
34,1500 HFE,PICKUP TRUCK - STANDARD,3.6,6,A8,X,12.9,9.3,11.3,25,260
34,CARGO VAN FFV,30VAN,3.6,6,A6,X,13.3,9.1,11.4,25,262
35,GHOST,FULL-SIZE,6.6,12,A8,Z,19.1,12.3,16,18,368
35,GHOST EWB,FULL-SIZE,6.6,12,A8,Z,19.1,12.3,16,18,368
35,PHANTOM,FULL-SIZE,6.7,12,A8,Z,20.7,12.8,17.1,17,393
35,PHANTOM COUPE,COMPACT,6.7,12,A8,Z,20.7,12.8,17.1,17,393
35,PHANTOM DROPHEAD COUPE,COMPACT,6.7,12,A8,Z,20.7,12.7,17.1,17,393
35,PHANTOM EWB,FULL-SIZE,6.7,12,A8,Z,20.7,12.7,17.1,17,393
35,WRAITH,MID-SIZE,6.6,12,A8,Z,18.7,11.8,15.6,18,359
36,FR-S,30COMPACT,2,4,AS6,Z,9.6,7,8.4,34,193
36,iQ,30COMPACT,1.3,4,AV,X,6.6,5.7,6.2,46,143
36,tC,COMPACT,2.5,4,AS6,X,10.2,7.5,9,31,207
36,xB,STATION WAGON - SMALL,2.4,4,AS4,X,10.9,8.6,9.9,29,228
36,xD,SUBCOMPACT,1.8,4,A4,X,8.8,7.1,8,35,184
37,FORTWO CABRIOLET,TWO-SEATER,1,3,AM5,Z,6.9,5.7,6.4,44,147
37,FORTWO COUPE,TWO-SEATER,1,3,AM5,Z,6.9,5.7,6.4,44,147
38,VIPER COUPE,TWO-SEATER,8.4,10,M6,Z,20,13,16.9,17,389
38,VIPER GTS COUPE,TWO-SEATER,8.4,10,M6,Z,20,13,16.9,17,389
39,BRZ,30COMPACT,2,4,AS6,Z,9.6,7.1,8.5,33,196
39,FORESTER AWD,SUV - SMALL,2,4,AV,Z,10.2,8.6,9.5,30,218
39,IMPREZA AWD,COMPACT,2,4,AV,X,8.7,6.6,7.8,36,179
39,IMPREZA WAGON AWD,STATION WAGON - SMALL,2,4,AV,X,8.7,6.6,7.8,36,179
39,LEGACY AWD,MID-SIZE,2.5,4,AV,X,9.7,7.3,8.6,33,198
39,OUTBACK AWD,SUV - SMALL,2.5,4,AV,X,9.9,7.8,9,31,207
39,TRIBECA AWD,SUV - SMALL,3.6,6,AS5,X,14.7,11.1,13.1,22,301
39,XV CROSSTREK AWD,SUV - SMALL,2,4,AV,X,9.5,7.2,8.5,33,196
39,XV CROSSTREK HYBRID AWD,SUV - SMALL,2,4,AV,X,8.1,7.2,7.7,37,177
40,4RUNNER (Part-Time 4WD),SUV - STANDARD,4,6,AS5,X,14.3,11.1,12.9,22,297
40,4RUNNER 4WD,SUV - STANDARD,4,6,AS5,X,14.3,11.1,12.9,22,297
40,AVALON,MID-SIZE,3.5,6,AS6,X,11.3,7.6,9.6,29,221
40,CAMRY,MID-SIZE,2.5,4,AS6,X,9.5,6.6,8.2,34,189
40,CAMRY HYBRID LE,MID-SIZE,2.5,4,AV,X,5.5,5.9,5.7,50,131
40,CAMRY HYBRID XLE/SE,MID-SIZE,2.5,4,AV,X,5.8,6.2,6,47,138
40,COROLLA,MID-SIZE,1.8,4,A4,X,8.6,6.5,7.7,37,177
40,COROLLA LE ECO (1-mode),MID-SIZE,1.8,4,AV,X,7.7,5.6,6.8,42,156
40,COROLLA LE ECO (2-mode),MID-SIZE,1.8,4,AV,X,7.8,5.9,6.9,41,159
40,COROLLA MATRIX,STATION WAGON - SMALL,1.8,4,A4,X,9.4,7.5,8.5,33,196
40,FJ CRUISER 4WD,SUV - SMALL,4,6,A5,X,14.3,11.2,12.9,22,297
40,HIGHLANDER,SUV - SMALL,2.7,4,AS6,X,11.7,8.6,10.3,27,237
40,HIGHLANDER AWD,SUV - STANDARD,3.5,6,AS6,X,13,9.7,11.5,25,264
40,HIGHLANDER HYBRID AWD,SUV - STANDARD,3.5,6,AV6,X,8,8.6,8.3,34,191
40,HIGHLANDER HYBRID AWD LE,SUV - STANDARD,3.5,6,AV6,X,7.9,8.6,8.2,34,189
40,PRIUS,MID-SIZE,1.8,4,AV,X,4.7,4.9,4.8,59,110
40,PRIUS c,COMPACT,1.5,4,AV,X,4.6,4.9,4.7,60,108
40,PRIUS v,STATION WAGON - MID-SIZE,1.8,4,AV,X,5.3,5.8,5.5,51,126
40,RAV4,SUV - SMALL,2.5,4,AS6,X,10,7.6,8.9,32,205
40,RAV4 AWD,SUV - SMALL,2.5,4,AS6,X,10.4,8.1,9.4,30,216
40,RAV4 LIMITED AWD,SUV - SMALL,2.5,4,AS6,X,10.6,8.2,9.5,30,218
40,SEQUOIA 4WD,SUV - STANDARD,5.7,8,AS6,X,19,13.9,16.7,17,384
40,SIENNA,30VAN,3.5,6,AS6,X,12.9,9.4,11.3,25,260
40,SIENNA AWD,30VAN,3.5,6,AS6,X,14.2,10.3,12.4,23,285
40,TACOMA,PICKUP TRUCK - SMALL,2.7,4,A4,X,12.2,9.3,10.9,26,251
40,TACOMA 4WD,PICKUP TRUCK - SMALL,2.7,4,A4,X,13.1,10.5,11.9,24,274
40,TUNDRA,PICKUP TRUCK - STANDARD,4,6,AS5,X,14.8,11.8,13.5,21,310
40,TUNDRA 4WD,PICKUP TRUCK - STANDARD,4.6,8,AS6,X,16.9,12.8,15.1,19,347
40,VENZA,SUV - SMALL,2.7,4,AS6,X,11.4,8.2,10,28,230
40,VENZA 4WD,SUV - SMALL,2.7,4,AS6,X,11.6,8.5,10.2,28,235
40,VENZA 4WD,SUV - SMALL,3.5,6,AS6,X,12.9,9.4,11.3,25,260
40,YARIS,COMPACT,1.5,4,M5,X,7.8,6.3,7.1,40,163
41,BEETLE,COMPACT,1.8,4,A6,X,9.5,7.2,8.5,33,196
41,BEETLE TDI (modified),COMPACT,2,4,A6,D,8.4,5.9,7.4,38,200
41,BEETLE CONVERTIBLE,SUBCOMPACT,1.8,4,A6,X,9.8,7.3,8.7,32,200
41,CC,COMPACT,2,4,A6,Z,11.1,7.9,9.7,29,223
41,CC 4MOTION,COMPACT,3.6,6,A6,Z,14.3,9.8,12.3,23,283
41,EOS,SUBCOMPACT,2,4,A6,Z,10.9,8,9.6,29,221
41,GOLF WAGON,STATION WAGON - SMALL,2.5,5,A6,X,11,7.7,9.5,30,218
41,JETTA,COMPACT,1.8,4,A6,X,9.5,6.7,8.2,34,189
41,PASSAT,MID-SIZE,1.8,4,A6,X,9.9,6.9,8.6,33,198
41,ROUTAN,30VAN,3.6,6,A6,X,14.2,9.5,12.1,23,278
41,TOUAREG,SUV - STANDARD,3.6,6,AS8,Z,14.4,10.4,12.6,22,296
42,S60,COMPACT,2.5,5,AS6,X,11.3,7.8,9.7,29,223
42,S60 AWD,COMPACT,2.5,5,AS6,X,11.6,8.3,10.1,28,232
42,S80,MID-SIZE,3.2,6,AS6,X,11.9,8.1,10.2,28,235
42,S80 AWD,MID-SIZE,3,6,AS6,X,13.2,9.5,11.5,25,264
42,XC60,SUV - SMALL,3.2,6,AS6,X,13,8.9,11.2,25,258
42,XC60 AWD,SUV - SMALL,3,6,AS6,X,13.4,9.8,11.8,24,271
42,XC70 AWD,SUV - SMALL,3,6,AS6,X,13.4,9.8,11.8,24,271
42,XC90 AWD,SUV - STANDARD,3.2,6,AS6,X,14.9,10.2,12.8,22,294